Initialized native services in: C:\Users\feeli\.gradle\native
Initialized jansi services in: C:\Users\feeli\.gradle\native
The client will now receive all logging from the daemon (pid: 85996). The daemon log file: C:\Users\feeli\.gradle\daemon\8.14.4\daemon-85996.out.log
Starting 37th build in daemon [uptime: 57 mins 16.575 secs, performance: 100%, GC rate: 0.00/s, heap usage: 0% of 4 GiB]
Using 32 worker leases.
Configuration on demand is an incubating feature.
Now considering [D:\Codex\worktrees\85be\mihon, D:\Codex\worktrees\85be\mihon\buildSrc, D:\Shell\Github\mihon\buildSrc, D:\Shell\Github\mihon] as hierarchies to watch
Now considering [D:\Codex\worktrees\85be\mihon\buildSrc, D:\Codex\worktrees\85be\mihon, D:\Shell\Github\mihon\buildSrc, D:\Shell\Github\mihon] as hierarchies to watch
Watching the file system is configured to be enabled if available
File system watching is active
Starting Build
Settings evaluated using settings file 'D:\Codex\worktrees\85be\mihon\settings.gradle.kts'.
Using local directory build cache for the root build (location = C:\Users\feeli\.gradle\caches\build-cache-1, remove unused entries = after 7 days).
Type-safe project accessors is an incubating feature.
Projects loaded. Root project using build file 'D:\Codex\worktrees\85be\mihon\build.gradle.kts'.
Included projects: [root project 'Mihon', project ':app', project ':app-desktop', project ':core', project ':core-metadata', project ':data', project ':domain', project ':i18n', project ':macrobenchmark', project ':presentation-core', project ':presentation-sync', project ':presentation-theme', project ':presentation-widget', project ':source-api', project ':source-local', project ':telemetry', project ':test-desktop', project ':core:archive', project ':core:common']

> Configure project :buildSrc
Evaluating project ':buildSrc' using build file 'D:\Codex\worktrees\85be\mihon\buildSrc\build.gradle.kts'.
Resolved plugin [id: 'org.gradle.kotlin.kotlin-dsl', version: '5.2.0']
Using Kotlin Gradle Plugin gradle85 variant
kotlin scripting plugin: created the scripting discovery configuration: kotlinScriptDef
kotlin scripting plugin: created the scripting discovery configuration: testKotlinScriptDef
file or directory 'D:\Codex\worktrees\85be\mihon\buildSrc\src\main\java', not found
Resolve mutations for :buildSrc:checkKotlinGradlePluginConfigurationErrors (Thread[#13695,Execution worker,5,main]) started.
:buildSrc:checkKotlinGradlePluginConfigurationErrors (Thread[#13702,Execution worker Thread 8,5,main]) started.

> Task :buildSrc:checkKotlinGradlePluginConfigurationErrors SKIPPED
Skipping task ':buildSrc:checkKotlinGradlePluginConfigurationErrors' as task onlyIf 'errorDiagnostics are present' is false.
Resolve mutations for :buildSrc:generateExternalPluginSpecBuilders (Thread[#13702,Execution worker Thread 8,5,main]) started.
:buildSrc:generateExternalPluginSpecBuilders (Thread[#13714,Execution worker Thread 19,5,main]) started.

> Task :buildSrc:generateExternalPluginSpecBuilders UP-TO-DATE
Build cache key for task ':buildSrc:generateExternalPluginSpecBuilders' is a6e98e5f374fecdc327f657b1cd59c36
Skipping task ':buildSrc:generateExternalPluginSpecBuilders' as it is up-to-date.
Resolve mutations for :buildSrc:extractPrecompiledScriptPluginPlugins (Thread[#13714,Execution worker Thread 19,5,main]) started.
:buildSrc:extractPrecompiledScriptPluginPlugins (Thread[#13709,Execution worker Thread 15,5,main]) started.

> Task :buildSrc:extractPrecompiledScriptPluginPlugins UP-TO-DATE
Build cache key for task ':buildSrc:extractPrecompiledScriptPluginPlugins' is 4d5b1bfbd52065c2ad61e0af0d5e1e64
Skipping task ':buildSrc:extractPrecompiledScriptPluginPlugins' as it is up-to-date.
Resolve mutations for :buildSrc:compilePluginsBlocks (Thread[#13709,Execution worker Thread 15,5,main]) started.
:buildSrc:compilePluginsBlocks (Thread[#13709,Execution worker Thread 15,5,main]) started.

> Task :buildSrc:compilePluginsBlocks UP-TO-DATE
Custom actions are attached to task ':buildSrc:compilePluginsBlocks'.
Build cache key for task ':buildSrc:compilePluginsBlocks' is 611e325a6e1239a424a4c7e84f7807d2
Skipping task ':buildSrc:compilePluginsBlocks' as it is up-to-date.
Resolve mutations for :buildSrc:generatePrecompiledScriptPluginAccessors (Thread[#13709,Execution worker Thread 15,5,main]) started.
:buildSrc:generatePrecompiledScriptPluginAccessors (Thread[#13697,Execution worker Thread 3,5,main]) started.

> Task :buildSrc:generatePrecompiledScriptPluginAccessors UP-TO-DATE
Build cache key for task ':buildSrc:generatePrecompiledScriptPluginAccessors' is e0de2576801605ed3795af7734766488
Skipping task ':buildSrc:generatePrecompiledScriptPluginAccessors' as it is up-to-date.
Resolve mutations for :buildSrc:generateScriptPluginAdapters (Thread[#13697,Execution worker Thread 3,5,main]) started.
:buildSrc:generateScriptPluginAdapters (Thread[#13697,Execution worker Thread 3,5,main]) started.

> Task :buildSrc:generateScriptPluginAdapters UP-TO-DATE
Build cache key for task ':buildSrc:generateScriptPluginAdapters' is ac0b8b14f2f1c967a56923808cf6a1a5
Skipping task ':buildSrc:generateScriptPluginAdapters' as it is up-to-date.
Resolve mutations for :buildSrc:compileKotlin (Thread[#13697,Execution worker Thread 3,5,main]) started.
:buildSrc:compileKotlin (Thread[#13697,Execution worker Thread 3,5,main]) started.

> Task :buildSrc:compileKotlin UP-TO-DATE
Custom actions are attached to task ':buildSrc:compileKotlin'.
Build cache key for task ':buildSrc:compileKotlin' is d58942d04095262a1969eb69ac375e4a
Skipping task ':buildSrc:compileKotlin' as it is up-to-date.
Resolve mutations for :buildSrc:compileJava (Thread[#13697,Execution worker Thread 3,5,main]) started.
:buildSrc:compileJava (Thread[#13697,Execution worker Thread 3,5,main]) started.

> Task :buildSrc:compileJava NO-SOURCE
Skipping task ':buildSrc:compileJava' as it has no source files and no previous output files.
Resolve mutations for :buildSrc:compileGroovy (Thread[#13697,Execution worker Thread 3,5,main]) started.
:buildSrc:compileGroovy (Thread[#13697,Execution worker Thread 3,5,main]) started.

> Task :buildSrc:compileGroovy NO-SOURCE
Skipping task ':buildSrc:compileGroovy' as it has no source files and no previous output files.
Resolve mutations for :buildSrc:pluginDescriptors (Thread[#13697,Execution worker Thread 3,5,main]) started.
:buildSrc:pluginDescriptors (Thread[#13713,Execution worker Thread 18,5,main]) started.

> Task :buildSrc:pluginDescriptors UP-TO-DATE
Caching disabled for task ':buildSrc:pluginDescriptors' because:
  Not worth caching
Skipping task ':buildSrc:pluginDescriptors' as it is up-to-date.
Resolve mutations for :buildSrc:processResources (Thread[#13713,Execution worker Thread 18,5,main]) started.
:buildSrc:processResources (Thread[#13713,Execution worker Thread 18,5,main]) started.

> Task :buildSrc:processResources UP-TO-DATE
Caching disabled for task ':buildSrc:processResources' because:
  Not worth caching
Skipping task ':buildSrc:processResources' as it is up-to-date.
Resolve mutations for :buildSrc:classes (Thread[#13713,Execution worker Thread 18,5,main]) started.
:buildSrc:classes (Thread[#13722,Execution worker Thread 27,5,main]) started.

> Task :buildSrc:classes UP-TO-DATE
Skipping task ':buildSrc:classes' as it has no actions.
Resolve mutations for :buildSrc:jar (Thread[#13717,Execution worker Thread 22,5,main]) started.
:buildSrc:jar (Thread[#13717,Execution worker Thread 22,5,main]) started.

> Task :buildSrc:jar UP-TO-DATE
Caching disabled for task ':buildSrc:jar' because:
  Not worth caching
Skipping task ':buildSrc:jar' as it is up-to-date.
Task path ':data:jvmTest' matched project ':data'

> Configure project :
Evaluating root project 'Mihon' using build file 'D:\Codex\worktrees\85be\mihon\build.gradle.kts'.
Resolved plugin [id: 'org.jetbrains.kotlin.plugin.serialization', version: '2.3.10', apply: false]
Resolved plugin [id: 'com.mikepenz.aboutlibraries.plugin.android', version: '14.0.0', apply: false]
Resolved plugin [id: 'com.google.firebase.crashlytics', version: '3.0.6', apply: false]
Resolved plugin [id: 'com.google.gms.google-services', version: '4.4.4', apply: false]
Resolved plugin [id: 'dev.icerock.mobile.multiplatform-resources', version: '0.26.0', apply: false]
Resolved plugin [id: 'app.cash.sqldelight', version: '2.2.1', apply: false]
Resolved plugin [id: 'org.jetbrains.compose', version: '1.10.2', apply: false]

> Configure project :data
Evaluating project ':data' using build file 'D:\Codex\worktrees\85be\mihon\data\build.gradle.kts'.
Resolved plugin [id: 'mihon.library']
Resolved plugin [id: 'org.jetbrains.kotlin.multiplatform']
Resolved plugin [id: 'org.jetbrains.kotlin.plugin.serialization']
Resolved plugin [id: 'app.cash.sqldelight', version: '2.2.1']
Using default execution profile
Build 2c0a6bbe-c5a6-4f3b-8f2b-20fabfb0b2e8 is started
Using Kotlin Gradle Plugin gradle813 variant
kotlin scripting plugin: created the scripting discovery configuration: kotlinScriptDef
kotlin scripting plugin: created the scripting discovery configuration: testKotlinScriptDef
[:data] commonizeCInterop task registration disabled. cInteropCommonizationEnabled == false
Task name matched 'jvmTest'
Task path ':domain:jvmTest' matched project ':domain'

> Configure project :domain
Evaluating project ':domain' using build file 'D:\Codex\worktrees\85be\mihon\domain\build.gradle.kts'.
Resolved plugin [id: 'mihon.library']
Resolved plugin [id: 'org.jetbrains.kotlin.multiplatform']
Resolved plugin [id: 'org.jetbrains.kotlin.plugin.serialization']
Using default execution profile
Using Kotlin Gradle Plugin gradle813 variant
kotlin scripting plugin: created the scripting discovery configuration: kotlinScriptDef
kotlin scripting plugin: created the scripting discovery configuration: testKotlinScriptDef
[:domain] commonizeCInterop task registration disabled. cInteropCommonizationEnabled == false
Task name matched 'jvmTest'
Task path ':presentation-sync:jvmTest' matched project ':presentation-sync'

> Configure project :presentation-sync
Evaluating project ':presentation-sync' using build file 'D:\Codex\worktrees\85be\mihon\presentation-sync\build.gradle.kts'.
Resolved plugin [id: 'mihon.library']
Resolved plugin [id: 'org.jetbrains.kotlin.multiplatform']
Resolved plugin [id: 'org.jetbrains.compose', version: '1.10.2']
Using default execution profile
Using Kotlin Gradle Plugin gradle813 variant
Configure multi-module compose resources
Configure compose resources generation
Configure Res object generation for commonMain
Configure resource accessors generation for commonMain
Configure resource accessors generation for commonTest
Configure expect resource collectors generation for commonMain
Configure compose resources with AndroidComponentsExtension
Configure resource accessors generation for androidInstrumentedTest
Configure resource accessors generation for androidMain
Configure resource accessors generation for androidUnitTest
Configure actual resource collectors generation for androidMain
Configure resource accessors generation for jvmMain
kotlin scripting plugin: created the scripting discovery configuration: kotlinScriptDef
Configure resource accessors generation for jvmTest
kotlin scripting plugin: created the scripting discovery configuration: testKotlinScriptDef
Configure actual resource collectors generation for jvmMain
Configure main resources for 'jvm' target
Configure test resources for 'jvm' target
Configure debug resources for 'android' target
Configure debugAndroidTest resources for 'android' target
Configure release resources for 'android' target
Configure resource accessors generation for androidInstrumentedTestDebug
Configure resource accessors generation for androidUnitTestDebug
Configure resource accessors generation for androidDebug
Configure resource accessors generation for androidUnitTestRelease
Configure resource accessors generation for androidRelease
Detected Android Gradle Plugin compose compiler configuration
Detected Android Gradle Plugin compose compiler configuration
Detected Android Gradle Plugin compose compiler configuration
[:presentation-sync] commonizeCInterop task registration disabled. cInteropCommonizationEnabled == false
Check that new 'org.jetbrains.kotlin.plugin.compose' was applied
Configure resource accessors generation for jvmDev
kotlin scripting plugin: created the scripting discovery configuration: devKotlinScriptDef
Configure dev resources for 'jvm' target
Detected Android Gradle Plugin compose compiler configuration
Detected Android Gradle Plugin compose compiler configuration
Detected Android Gradle Plugin compose compiler configuration
Detected Android Gradle Plugin compose compiler configuration
Detected Android Gradle Plugin compose compiler configuration
Detected Android Gradle Plugin compose compiler configuration
Detected Android Gradle Plugin compose compiler configuration
Task name matched 'jvmTest'
Selected primary task 'jvmTest' from project :data

> Configure project :source-api
Evaluating project ':source-api' using build file 'D:\Codex\worktrees\85be\mihon\source-api\build.gradle.kts'.
Resolved plugin [id: 'mihon.library']
Resolved plugin [id: 'org.jetbrains.kotlin.multiplatform']
Resolved plugin [id: 'org.jetbrains.kotlin.plugin.serialization']
Using default execution profile
Using Kotlin Gradle Plugin gradle813 variant
kotlin scripting plugin: created the scripting discovery configuration: kotlinScriptDef
kotlin scripting plugin: created the scripting discovery configuration: testKotlinScriptDef
[:source-api] commonizeCInterop task registration disabled. cInteropCommonizationEnabled == false

> Configure project :core
Evaluating project ':core' using build file 'D:\Codex\worktrees\85be\mihon\core\build.gradle'.

> Configure project :core:common
Evaluating project ':core:common' using build file 'D:\Codex\worktrees\85be\mihon\core\common\build.gradle.kts'.
Resolved plugin [id: 'mihon.library']
Resolved plugin [id: 'org.jetbrains.kotlin.multiplatform']
Resolved plugin [id: 'org.jetbrains.kotlin.plugin.serialization']
Using default execution profile
Using Kotlin Gradle Plugin gradle813 variant
kotlin scripting plugin: created the scripting discovery configuration: kotlinScriptDef
kotlin scripting plugin: created the scripting discovery configuration: testKotlinScriptDef
[:core:common] commonizeCInterop task registration disabled. cInteropCommonizationEnabled == false

> Configure project :i18n
Evaluating project ':i18n' using build file 'D:\Codex\worktrees\85be\mihon\i18n\build.gradle.kts'.
Resolved plugin [id: 'mihon.library']
Resolved plugin [id: 'org.jetbrains.kotlin.multiplatform']
Resolved plugin [id: 'dev.icerock.mobile.multiplatform-resources', version: '0.26.0']
Using default execution profile
Using Kotlin Gradle Plugin gradle813 variant
kotlin scripting plugin: created the scripting discovery configuration: kotlinScriptDef
kotlin scripting plugin: created the scripting discovery configuration: testKotlinScriptDef
[:i18n] commonizeCInterop task registration disabled. cInteropCommonizationEnabled == false
Selected primary task 'jvmTest' from project :domain
Selected primary task 'jvmTest' from project :presentation-sync
All projects evaluated.
Tasks to be executed: [task ':data:kmpPartiallyResolvedDependenciesChecker', task ':data:checkKotlinGradlePluginConfigurationErrors', task ':data:generateCommonMainDatabaseInterface', task ':domain:kmpPartiallyResolvedDependenciesChecker', task ':domain:checkKotlinGradlePluginConfigurationErrors', task ':source-api:kmpPartiallyResolvedDependenciesChecker', task ':source-api:checkKotlinGradlePluginConfigurationErrors', task ':i18n:kmpPartiallyResolvedDependenciesChecker', task ':i18n:checkKotlinGradlePluginConfigurationErrors', task ':i18n:generateMRcommonMain', task ':i18n:generateMRjvmMain', task ':i18n:compileKotlinJvm', task ':i18n:compileJvmMainJava', task ':i18n:jvmProcessResources', task ':i18n:processJvmMainResources', task ':i18n:jvmMainClasses', task ':i18n:jvmJar', task ':core:common:kmpPartiallyResolvedDependenciesChecker', task ':core:common:checkKotlinGradlePluginConfigurationErrors', task ':core:common:compileKotlinJvm', task ':core:common:compileJvmMainJava', task ':core:common:jvmProcessResources', task ':core:common:processJvmMainResources', task ':core:common:jvmMainClasses', task ':core:common:jvmJar', task ':source-api:compileKotlinJvm', task ':source-api:compileJvmMainJava', task ':source-api:jvmProcessResources', task ':source-api:processJvmMainResources', task ':source-api:jvmMainClasses', task ':source-api:jvmJar', task ':domain:compileKotlinJvm', task ':domain:compileJvmMainJava', task ':domain:jvmProcessResources', task ':domain:processJvmMainResources', task ':domain:jvmMainClasses', task ':domain:jvmJar', task ':data:compileKotlinJvm', task ':data:compileJvmMainJava', task ':data:jvmProcessResources', task ':data:processJvmMainResources', task ':data:jvmMainClasses', task ':data:jvmJar', task ':data:compileTestKotlinJvm', task ':data:compileJvmTestJava', task ':data:jvmTestProcessResources', task ':data:processJvmTestResources', task ':data:jvmTestClasses', task ':data:jvmTest', task ':domain:compileTestKotlinJvm', task ':domain:compileJvmTestJava', task ':domain:jvmTestProcessResources', task ':domain:processJvmTestResources', task ':domain:jvmTestClasses', task ':domain:jvmTest', task ':presentation-sync:kmpPartiallyResolvedDependenciesChecker', task ':presentation-sync:checkKotlinGradlePluginConfigurationErrors', task ':presentation-sync:convertXmlValueResourcesForCommonMain', task ':presentation-sync:copyNonXmlValueResourcesForCommonMain', task ':presentation-sync:prepareComposeResourcesTaskForCommonMain', task ':presentation-sync:generateResourceAccessorsForCommonMain', task ':presentation-sync:convertXmlValueResourcesForJvmMain', task ':presentation-sync:copyNonXmlValueResourcesForJvmMain', task ':presentation-sync:prepareComposeResourcesTaskForJvmMain', task ':presentation-sync:generateResourceAccessorsForJvmMain', task ':presentation-sync:generateActualResourceCollectorsForJvmMain', task ':presentation-sync:generateComposeResClass', task ':presentation-sync:generateExpectResourceCollectorsForCommonMain', task ':presentation-sync:compileKotlinJvm', task ':presentation-sync:compileJvmMainJava', task ':presentation-sync:convertXmlValueResourcesForCommonTest', task ':presentation-sync:copyNonXmlValueResourcesForCommonTest', task ':presentation-sync:prepareComposeResourcesTaskForCommonTest', task ':presentation-sync:generateResourceAccessorsForCommonTest', task ':presentation-sync:convertXmlValueResourcesForJvmTest', task ':presentation-sync:copyNonXmlValueResourcesForJvmTest', task ':presentation-sync:prepareComposeResourcesTaskForJvmTest', task ':presentation-sync:generateResourceAccessorsForJvmTest', task ':presentation-sync:assembleJvmMainResources', task ':presentation-sync:jvmProcessResources', task ':presentation-sync:processJvmMainResources', task ':presentation-sync:jvmMainClasses', task ':presentation-sync:jvmJar', task ':presentation-sync:compileTestKotlinJvm', task ':presentation-sync:compileJvmTestJava', task ':presentation-sync:assembleJvmTestResources', task ':presentation-sync:jvmTestProcessResources', task ':presentation-sync:processJvmTestResources', task ':presentation-sync:jvmTestClasses', task ':presentation-sync:jvmTest']
Tasks that were excluded: []
Resolve mutations for :data:kmpPartiallyResolvedDependenciesChecker (Thread[#13710,Execution worker Thread 16,5,main]) started.
Resolve mutations for :domain:kmpPartiallyResolvedDependenciesChecker (Thread[#13717,Execution worker Thread 22,5,main]) started.
Resolve mutations for :i18n:kmpPartiallyResolvedDependenciesChecker (Thread[#13706,Execution worker Thread 12,5,main]) started.
Resolve mutations for :source-api:kmpPartiallyResolvedDependenciesChecker (Thread[#13709,Execution worker Thread 15,5,main]) started.
:data:kmpPartiallyResolvedDependenciesChecker (Thread[#13719,Execution worker Thread 24,5,main]) started.
Resolve mutations for :core:common:kmpPartiallyResolvedDependenciesChecker (Thread[#13694,included builds,5,main]) started.
destroyer locations for task group 0 (Thread[#13710,Execution worker Thread 16,5,main]) started.
Resolve mutations for :presentation-sync:kmpPartiallyResolvedDependenciesChecker (Thread[#13711,Execution worker Thread 17,5,main]) started.
destroyer locations for task group 1 (Thread[#13710,Execution worker Thread 16,5,main]) started.
:presentation-sync:kmpPartiallyResolvedDependenciesChecker (Thread[#13711,Execution worker Thread 17,5,main]) started.
:core:common:kmpPartiallyResolvedDependenciesChecker (Thread[#13694,included builds,5,main]) started.
:source-api:kmpPartiallyResolvedDependenciesChecker (Thread[#13709,Execution worker Thread 15,5,main]) started.
:i18n:kmpPartiallyResolvedDependenciesChecker (Thread[#13706,Execution worker Thread 12,5,main]) started.
:domain:kmpPartiallyResolvedDependenciesChecker (Thread[#13717,Execution worker Thread 22,5,main]) started.

> Task :i18n:kmpPartiallyResolvedDependenciesChecker
Caching disabled for task ':i18n:kmpPartiallyResolvedDependenciesChecker' because:
  This task is not intended for execution
Task ':i18n:kmpPartiallyResolvedDependenciesChecker' is not up-to-date because:
  Task has not declared any outputs despite executing actions.
Execution stopped by some action with message: null

> Task :source-api:kmpPartiallyResolvedDependenciesChecker
Caching disabled for task ':source-api:kmpPartiallyResolvedDependenciesChecker' because:
  This task is not intended for execution
Task ':source-api:kmpPartiallyResolvedDependenciesChecker' is not up-to-date because:
  Task has not declared any outputs despite executing actions.
Execution stopped by some action with message: null

> Task :presentation-sync:kmpPartiallyResolvedDependenciesChecker
Caching disabled for task ':presentation-sync:kmpPartiallyResolvedDependenciesChecker' because:
  This task is not intended for execution
Task ':presentation-sync:kmpPartiallyResolvedDependenciesChecker' is not up-to-date because:
  Task has not declared any outputs despite executing actions.
Execution stopped by some action with message: null

> Task :domain:kmpPartiallyResolvedDependenciesChecker
Caching disabled for task ':domain:kmpPartiallyResolvedDependenciesChecker' because:
  This task is not intended for execution
Task ':domain:kmpPartiallyResolvedDependenciesChecker' is not up-to-date because:
  Task has not declared any outputs despite executing actions.
Execution stopped by some action with message: null

> Task :data:kmpPartiallyResolvedDependenciesChecker
Caching disabled for task ':data:kmpPartiallyResolvedDependenciesChecker' because:
  This task is not intended for execution
Task ':data:kmpPartiallyResolvedDependenciesChecker' is not up-to-date because:
  Task has not declared any outputs despite executing actions.
Execution stopped by some action with message: null
Resolve mutations for :i18n:checkKotlinGradlePluginConfigurationErrors (Thread[#13706,Execution worker Thread 12,5,main]) started.
Resolve mutations for :data:checkKotlinGradlePluginConfigurationErrors (Thread[#13719,Execution worker Thread 24,5,main]) started.
:i18n:checkKotlinGradlePluginConfigurationErrors (Thread[#13706,Execution worker Thread 12,5,main]) started.

> Task :core:common:kmpPartiallyResolvedDependenciesChecker
Caching disabled for task ':core:common:kmpPartiallyResolvedDependenciesChecker' because:
  This task is not intended for execution
Task ':core:common:kmpPartiallyResolvedDependenciesChecker' is not up-to-date because:
  Task has not declared any outputs despite executing actions.
Execution stopped by some action with message: null
:data:checkKotlinGradlePluginConfigurationErrors (Thread[#13695,Execution worker,5,main]) started.

> Task :i18n:checkKotlinGradlePluginConfigurationErrors SKIPPED
Skipping task ':i18n:checkKotlinGradlePluginConfigurationErrors' as task onlyIf 'errorDiagnostics are present' is false.

> Task :data:checkKotlinGradlePluginConfigurationErrors SKIPPED
Skipping task ':data:checkKotlinGradlePluginConfigurationErrors' as task onlyIf 'errorDiagnostics are present' is false.
Resolve mutations for :data:generateCommonMainDatabaseInterface (Thread[#13695,Execution worker,5,main]) started.
Resolve mutations for :presentation-sync:checkKotlinGradlePluginConfigurationErrors (Thread[#13711,Execution worker Thread 17,5,main]) started.
:data:generateCommonMainDatabaseInterface (Thread[#13695,Execution worker,5,main]) started.
Resolve mutations for :domain:checkKotlinGradlePluginConfigurationErrors (Thread[#13709,Execution worker Thread 15,5,main]) started.
:presentation-sync:checkKotlinGradlePluginConfigurationErrors (Thread[#13717,Execution worker Thread 22,5,main]) started.
Resolve mutations for :source-api:checkKotlinGradlePluginConfigurationErrors (Thread[#13711,Execution worker Thread 17,5,main]) started.

> Task :presentation-sync:checkKotlinGradlePluginConfigurationErrors SKIPPED
Skipping task ':presentation-sync:checkKotlinGradlePluginConfigurationErrors' as task onlyIf 'errorDiagnostics are present' is false.
:domain:checkKotlinGradlePluginConfigurationErrors (Thread[#13709,Execution worker Thread 15,5,main]) started.
:source-api:checkKotlinGradlePluginConfigurationErrors (Thread[#13711,Execution worker Thread 17,5,main]) started.

> Task :domain:checkKotlinGradlePluginConfigurationErrors SKIPPED
Skipping task ':domain:checkKotlinGradlePluginConfigurationErrors' as task onlyIf 'errorDiagnostics are present' is false.

> Task :source-api:checkKotlinGradlePluginConfigurationErrors SKIPPED
Skipping task ':source-api:checkKotlinGradlePluginConfigurationErrors' as task onlyIf 'errorDiagnostics are present' is false.
Resolve mutations for :i18n:generateMRcommonMain (Thread[#13706,Execution worker Thread 12,5,main]) started.
Resolve mutations for :domain:jvmProcessResources (Thread[#13709,Execution worker Thread 15,5,main]) started.
Resolve mutations for :core:common:checkKotlinGradlePluginConfigurationErrors (Thread[#13694,included builds,5,main]) started.
Resolve mutations for :source-api:jvmProcessResources (Thread[#13711,Execution worker Thread 17,5,main]) started.
:source-api:jvmProcessResources (Thread[#13711,Execution worker Thread 17,5,main]) started.
Resolve mutations for :presentation-sync:convertXmlValueResourcesForCommonMain (Thread[#13717,Execution worker Thread 22,5,main]) started.
:core:common:checkKotlinGradlePluginConfigurationErrors (Thread[#13694,included builds,5,main]) started.

> Task :core:common:checkKotlinGradlePluginConfigurationErrors SKIPPED
Skipping task ':core:common:checkKotlinGradlePluginConfigurationErrors' as task onlyIf 'errorDiagnostics are present' is false.
:i18n:generateMRcommonMain (Thread[#13706,Execution worker Thread 12,5,main]) started.
Resolve mutations for :core:common:jvmProcessResources (Thread[#13694,included builds,5,main]) started.
:domain:jvmProcessResources (Thread[#13709,Execution worker Thread 15,5,main]) started.
:core:common:jvmProcessResources (Thread[#13694,included builds,5,main]) started.

> Task :source-api:jvmProcessResources NO-SOURCE
Skipping task ':source-api:jvmProcessResources' as it has no source files and no previous output files.
Resolve mutations for :source-api:processJvmMainResources (Thread[#13711,Execution worker Thread 17,5,main]) started.
:source-api:processJvmMainResources (Thread[#13696,Execution worker Thread 2,5,main]) started.

> Task :source-api:processJvmMainResources SKIPPED
Skipping task ':source-api:processJvmMainResources' as task onlyIf 'Task is enabled' is false.

> Task :core:common:jvmProcessResources NO-SOURCE
Skipping task ':core:common:jvmProcessResources' as it has no source files and no previous output files.
Resolve mutations for :core:common:processJvmMainResources (Thread[#13694,included builds,5,main]) started.
:core:common:processJvmMainResources (Thread[#13694,included builds,5,main]) started.

> Task :core:common:processJvmMainResources SKIPPED
Skipping task ':core:common:processJvmMainResources' as task onlyIf 'Task is enabled' is false.

> Task :domain:jvmProcessResources NO-SOURCE
Skipping task ':domain:jvmProcessResources' as it has no source files and no previous output files.
Resolve mutations for :domain:processJvmMainResources (Thread[#13708,Execution worker Thread 14,5,main]) started.
:domain:processJvmMainResources (Thread[#13708,Execution worker Thread 14,5,main]) started.

> Task :domain:processJvmMainResources SKIPPED
Skipping task ':domain:processJvmMainResources' as task onlyIf 'Task is enabled' is false.
Resolve mutations for :domain:jvmTestProcessResources (Thread[#13708,Execution worker Thread 14,5,main]) started.
:domain:jvmTestProcessResources (Thread[#13708,Execution worker Thread 14,5,main]) started.

> Task :i18n:generateMRcommonMain UP-TO-DATE
Build cache key for task ':i18n:generateMRcommonMain' is d394a514f1aa491c4fecd4144240f998
Skipping task ':i18n:generateMRcommonMain' as it is up-to-date.
Resolve mutations for :i18n:generateMRjvmMain (Thread[#13706,Execution worker Thread 12,5,main]) started.
:i18n:generateMRjvmMain (Thread[#13706,Execution worker Thread 12,5,main]) started.

> Task :i18n:generateMRjvmMain UP-TO-DATE
Build cache key for task ':i18n:generateMRjvmMain' is 97005e74ffd751f5021d180d97ce6e98
Skipping task ':i18n:generateMRjvmMain' as it is up-to-date.
Resolve mutations for :i18n:compileKotlinJvm (Thread[#13706,Execution worker Thread 12,5,main]) started.

> Task :domain:jvmTestProcessResources UP-TO-DATE
Caching disabled for task ':domain:jvmTestProcessResources' because:
  Not worth caching
Skipping task ':domain:jvmTestProcessResources' as it is up-to-date.
Resolve mutations for :domain:processJvmTestResources (Thread[#13716,Execution worker Thread 21,5,main]) started.
:domain:processJvmTestResources (Thread[#13716,Execution worker Thread 21,5,main]) started.

> Task :domain:processJvmTestResources SKIPPED
Skipping task ':domain:processJvmTestResources' as task onlyIf 'Task is enabled' is false.
:i18n:compileKotlinJvm (Thread[#13706,Execution worker Thread 12,5,main]) started.

> Task :data:generateCommonMainDatabaseInterface UP-TO-DATE
Build cache key for task ':data:generateCommonMainDatabaseInterface' is c5b236000c2248ff294e3bcfa3102557
Skipping task ':data:generateCommonMainDatabaseInterface' as it is up-to-date.
Resolve mutations for :data:jvmProcessResources (Thread[#13714,Execution worker Thread 19,5,main]) started.
:data:jvmProcessResources (Thread[#13714,Execution worker Thread 19,5,main]) started.

> Task :data:jvmProcessResources NO-SOURCE
Skipping task ':data:jvmProcessResources' as it has no source files and no previous output files.
Resolve mutations for :data:processJvmMainResources (Thread[#13714,Execution worker Thread 19,5,main]) started.
:data:processJvmMainResources (Thread[#13714,Execution worker Thread 19,5,main]) started.

> Task :data:processJvmMainResources SKIPPED
Skipping task ':data:processJvmMainResources' as task onlyIf 'Task is enabled' is false.
Resolve mutations for :data:jvmTestProcessResources (Thread[#13714,Execution worker Thread 19,5,main]) started.
:data:jvmTestProcessResources (Thread[#13714,Execution worker Thread 19,5,main]) started.

> Task :data:jvmTestProcessResources UP-TO-DATE
Caching disabled for task ':data:jvmTestProcessResources' because:
  Not worth caching
Skipping task ':data:jvmTestProcessResources' as it is up-to-date.
Resolve mutations for :data:processJvmTestResources (Thread[#13714,Execution worker Thread 19,5,main]) started.
:data:processJvmTestResources (Thread[#13714,Execution worker Thread 19,5,main]) started.

> Task :data:processJvmTestResources SKIPPED
Skipping task ':data:processJvmTestResources' as task onlyIf 'Task is enabled' is false.

> Task :i18n:compileKotlinJvm UP-TO-DATE
Build cache key for task ':i18n:compileKotlinJvm' is 29567bdf4df914e7df1f994e42b6fca0
Skipping task ':i18n:compileKotlinJvm' as it is up-to-date.
Resolve mutations for :i18n:compileJvmMainJava (Thread[#13706,Execution worker Thread 12,5,main]) started.
:i18n:compileJvmMainJava (Thread[#13706,Execution worker Thread 12,5,main]) started.

> Task :i18n:compileJvmMainJava NO-SOURCE
Skipping task ':i18n:compileJvmMainJava' as it has no source files and no previous output files.
Resolve mutations for :i18n:jvmProcessResources (Thread[#13706,Execution worker Thread 12,5,main]) started.
:i18n:jvmProcessResources (Thread[#13706,Execution worker Thread 12,5,main]) started.

> Task :i18n:jvmProcessResources UP-TO-DATE
Caching disabled for task ':i18n:jvmProcessResources' because:
  Not worth caching
Skipping task ':i18n:jvmProcessResources' as it is up-to-date.
Resolve mutations for :i18n:processJvmMainResources (Thread[#13706,Execution worker Thread 12,5,main]) started.
:i18n:processJvmMainResources (Thread[#13706,Execution worker Thread 12,5,main]) started.

> Task :i18n:processJvmMainResources SKIPPED
Skipping task ':i18n:processJvmMainResources' as task onlyIf 'Task is enabled' is false.
Resolve mutations for :i18n:jvmMainClasses (Thread[#13706,Execution worker Thread 12,5,main]) started.
:i18n:jvmMainClasses (Thread[#13706,Execution worker Thread 12,5,main]) started.

> Task :i18n:jvmMainClasses UP-TO-DATE
Skipping task ':i18n:jvmMainClasses' as it has no actions.
Resolve mutations for :i18n:jvmJar (Thread[#13706,Execution worker Thread 12,5,main]) started.
:i18n:jvmJar (Thread[#13706,Execution worker Thread 12,5,main]) started.

> Task :i18n:jvmJar UP-TO-DATE
Caching disabled for task ':i18n:jvmJar' because:
  Not worth caching
Skipping task ':i18n:jvmJar' as it is up-to-date.
work action resolve i18n-jvm.jar (project :i18n) (Thread[#13706,Execution worker Thread 12,5,main]) started.
Resolve mutations for :core:common:compileKotlinJvm (Thread[#13706,Execution worker Thread 12,5,main]) started.
:core:common:compileKotlinJvm (Thread[#13706,Execution worker Thread 12,5,main]) started.
:presentation-sync:convertXmlValueResourcesForCommonMain (Thread[#13717,Execution worker Thread 22,5,main]) started.

> Task :presentation-sync:convertXmlValueResourcesForCommonMain NO-SOURCE
file or directory 'D:\Codex\worktrees\85be\mihon\presentation-sync\build\generated\compose\resourceGenerator\preparedResources\commonMain\composeResources', not found
Skipping task ':presentation-sync:convertXmlValueResourcesForCommonMain' as it has no source files and no previous output files.
Resolve mutations for :presentation-sync:copyNonXmlValueResourcesForCommonMain (Thread[#13717,Execution worker Thread 22,5,main]) started.
:presentation-sync:copyNonXmlValueResourcesForCommonMain (Thread[#13717,Execution worker Thread 22,5,main]) started.

> Task :presentation-sync:copyNonXmlValueResourcesForCommonMain NO-SOURCE
file or directory 'D:\Codex\worktrees\85be\mihon\presentation-sync\build\generated\compose\resourceGenerator\preparedResources\commonMain\composeResources', not found
Skipping task ':presentation-sync:copyNonXmlValueResourcesForCommonMain' as it has no source files and no previous output files.
Resolve mutations for :presentation-sync:prepareComposeResourcesTaskForCommonMain (Thread[#13717,Execution worker Thread 22,5,main]) started.
:presentation-sync:prepareComposeResourcesTaskForCommonMain (Thread[#13717,Execution worker Thread 22,5,main]) started.

> Task :presentation-sync:prepareComposeResourcesTaskForCommonMain NO-SOURCE
Skipping task ':presentation-sync:prepareComposeResourcesTaskForCommonMain' as it has no source files and no previous output files.
Resolve mutations for :presentation-sync:generateResourceAccessorsForCommonMain (Thread[#13717,Execution worker Thread 22,5,main]) started.
:presentation-sync:generateResourceAccessorsForCommonMain (Thread[#13717,Execution worker Thread 22,5,main]) started.

> Task :presentation-sync:generateResourceAccessorsForCommonMain SKIPPED
Skipping task ':presentation-sync:generateResourceAccessorsForCommonMain' as task onlyIf 'Task satisfies onlyIf spec' is false.
Resolve mutations for :presentation-sync:convertXmlValueResourcesForJvmMain (Thread[#13717,Execution worker Thread 22,5,main]) started.
:presentation-sync:convertXmlValueResourcesForJvmMain (Thread[#13717,Execution worker Thread 22,5,main]) started.

> Task :presentation-sync:convertXmlValueResourcesForJvmMain NO-SOURCE
file or directory 'D:\Codex\worktrees\85be\mihon\presentation-sync\build\generated\compose\resourceGenerator\preparedResources\jvmMain\composeResources', not found
Skipping task ':presentation-sync:convertXmlValueResourcesForJvmMain' as it has no source files and no previous output files.
Resolve mutations for :presentation-sync:copyNonXmlValueResourcesForJvmMain (Thread[#13717,Execution worker Thread 22,5,main]) started.
:presentation-sync:copyNonXmlValueResourcesForJvmMain (Thread[#13694,included builds,5,main]) started.

> Task :presentation-sync:copyNonXmlValueResourcesForJvmMain NO-SOURCE
file or directory 'D:\Codex\worktrees\85be\mihon\presentation-sync\build\generated\compose\resourceGenerator\preparedResources\jvmMain\composeResources', not found
Skipping task ':presentation-sync:copyNonXmlValueResourcesForJvmMain' as it has no source files and no previous output files.
Resolve mutations for :presentation-sync:prepareComposeResourcesTaskForJvmMain (Thread[#13694,included builds,5,main]) started.
:presentation-sync:prepareComposeResourcesTaskForJvmMain (Thread[#13694,included builds,5,main]) started.

> Task :presentation-sync:prepareComposeResourcesTaskForJvmMain NO-SOURCE
Skipping task ':presentation-sync:prepareComposeResourcesTaskForJvmMain' as it has no source files and no previous output files.
Resolve mutations for :presentation-sync:generateResourceAccessorsForJvmMain (Thread[#13694,included builds,5,main]) started.
:presentation-sync:generateResourceAccessorsForJvmMain (Thread[#13694,included builds,5,main]) started.

> Task :presentation-sync:generateResourceAccessorsForJvmMain SKIPPED
Skipping task ':presentation-sync:generateResourceAccessorsForJvmMain' as task onlyIf 'Task satisfies onlyIf spec' is false.
Resolve mutations for :presentation-sync:generateActualResourceCollectorsForJvmMain (Thread[#13694,included builds,5,main]) started.
:presentation-sync:generateActualResourceCollectorsForJvmMain (Thread[#13694,included builds,5,main]) started.

> Task :presentation-sync:generateActualResourceCollectorsForJvmMain SKIPPED
Skipping task ':presentation-sync:generateActualResourceCollectorsForJvmMain' as task onlyIf 'Task satisfies onlyIf spec' is false.
Resolve mutations for :presentation-sync:generateComposeResClass (Thread[#13694,included builds,5,main]) started.
:presentation-sync:generateComposeResClass (Thread[#13694,included builds,5,main]) started.

> Task :presentation-sync:generateComposeResClass SKIPPED
Skipping task ':presentation-sync:generateComposeResClass' as task onlyIf 'Task satisfies onlyIf spec' is false.
Resolve mutations for :presentation-sync:generateExpectResourceCollectorsForCommonMain (Thread[#13694,included builds,5,main]) started.
:presentation-sync:generateExpectResourceCollectorsForCommonMain (Thread[#13694,included builds,5,main]) started.

> Task :presentation-sync:generateExpectResourceCollectorsForCommonMain SKIPPED
Skipping task ':presentation-sync:generateExpectResourceCollectorsForCommonMain' as task onlyIf 'Task satisfies onlyIf spec' is false.
Resolve mutations for :presentation-sync:convertXmlValueResourcesForCommonTest (Thread[#13694,included builds,5,main]) started.
:presentation-sync:convertXmlValueResourcesForCommonTest (Thread[#13694,included builds,5,main]) started.

> Task :core:common:compileKotlinJvm UP-TO-DATE
Build cache key for task ':core:common:compileKotlinJvm' is 539a3fe97851747472e922a47cf3ca9e
Skipping task ':core:common:compileKotlinJvm' as it is up-to-date.
Resolve mutations for :core:common:compileJvmMainJava (Thread[#13706,Execution worker Thread 12,5,main]) started.

> Task :presentation-sync:convertXmlValueResourcesForCommonTest NO-SOURCE
file or directory 'D:\Codex\worktrees\85be\mihon\presentation-sync\build\generated\compose\resourceGenerator\preparedResources\commonTest\composeResources', not found
Skipping task ':presentation-sync:convertXmlValueResourcesForCommonTest' as it has no source files and no previous output files.
Resolve mutations for :presentation-sync:copyNonXmlValueResourcesForCommonTest (Thread[#13694,included builds,5,main]) started.
:core:common:compileJvmMainJava (Thread[#13706,Execution worker Thread 12,5,main]) started.

> Task :core:common:compileJvmMainJava NO-SOURCE
Skipping task ':core:common:compileJvmMainJava' as it has no source files and no previous output files.
Resolve mutations for :core:common:jvmMainClasses (Thread[#13706,Execution worker Thread 12,5,main]) started.
:core:common:jvmMainClasses (Thread[#13706,Execution worker Thread 12,5,main]) started.

> Task :core:common:jvmMainClasses UP-TO-DATE
Skipping task ':core:common:jvmMainClasses' as it has no actions.
:presentation-sync:copyNonXmlValueResourcesForCommonTest (Thread[#13694,included builds,5,main]) started.
Resolve mutations for :core:common:jvmJar (Thread[#13706,Execution worker Thread 12,5,main]) started.
:core:common:jvmJar (Thread[#13706,Execution worker Thread 12,5,main]) started.

> Task :presentation-sync:copyNonXmlValueResourcesForCommonTest NO-SOURCE
file or directory 'D:\Codex\worktrees\85be\mihon\presentation-sync\build\generated\compose\resourceGenerator\preparedResources\commonTest\composeResources', not found
Skipping task ':presentation-sync:copyNonXmlValueResourcesForCommonTest' as it has no source files and no previous output files.
Resolve mutations for :presentation-sync:prepareComposeResourcesTaskForCommonTest (Thread[#13694,included builds,5,main]) started.
:presentation-sync:prepareComposeResourcesTaskForCommonTest (Thread[#13694,included builds,5,main]) started.

> Task :presentation-sync:prepareComposeResourcesTaskForCommonTest NO-SOURCE
Skipping task ':presentation-sync:prepareComposeResourcesTaskForCommonTest' as it has no source files and no previous output files.
Resolve mutations for :presentation-sync:generateResourceAccessorsForCommonTest (Thread[#13694,included builds,5,main]) started.

> Task :core:common:jvmJar UP-TO-DATE
Caching disabled for task ':core:common:jvmJar' because:
  Not worth caching
Skipping task ':core:common:jvmJar' as it is up-to-date.
:presentation-sync:generateResourceAccessorsForCommonTest (Thread[#13694,included builds,5,main]) started.
work action resolve common-jvm.jar (project :core:common) (Thread[#13706,Execution worker Thread 12,5,main]) started.

> Task :presentation-sync:generateResourceAccessorsForCommonTest SKIPPED
Skipping task ':presentation-sync:generateResourceAccessorsForCommonTest' as task onlyIf 'Task satisfies onlyIf spec' is false.
Resolve mutations for :presentation-sync:convertXmlValueResourcesForJvmTest (Thread[#13694,included builds,5,main]) started.
Resolve mutations for :source-api:compileKotlinJvm (Thread[#13706,Execution worker Thread 12,5,main]) started.
:source-api:compileKotlinJvm (Thread[#13706,Execution worker Thread 12,5,main]) started.
:presentation-sync:convertXmlValueResourcesForJvmTest (Thread[#13694,included builds,5,main]) started.

> Task :presentation-sync:convertXmlValueResourcesForJvmTest NO-SOURCE
file or directory 'D:\Codex\worktrees\85be\mihon\presentation-sync\build\generated\compose\resourceGenerator\preparedResources\jvmTest\composeResources', not found
Skipping task ':presentation-sync:convertXmlValueResourcesForJvmTest' as it has no source files and no previous output files.
Resolve mutations for :presentation-sync:copyNonXmlValueResourcesForJvmTest (Thread[#13694,included builds,5,main]) started.
:presentation-sync:copyNonXmlValueResourcesForJvmTest (Thread[#13694,included builds,5,main]) started.

> Task :presentation-sync:copyNonXmlValueResourcesForJvmTest NO-SOURCE
file or directory 'D:\Codex\worktrees\85be\mihon\presentation-sync\build\generated\compose\resourceGenerator\preparedResources\jvmTest\composeResources', not found
Skipping task ':presentation-sync:copyNonXmlValueResourcesForJvmTest' as it has no source files and no previous output files.
Resolve mutations for :presentation-sync:prepareComposeResourcesTaskForJvmTest (Thread[#13694,included builds,5,main]) started.
:presentation-sync:prepareComposeResourcesTaskForJvmTest (Thread[#13694,included builds,5,main]) started.

> Task :presentation-sync:prepareComposeResourcesTaskForJvmTest NO-SOURCE
Skipping task ':presentation-sync:prepareComposeResourcesTaskForJvmTest' as it has no source files and no previous output files.
Resolve mutations for :presentation-sync:generateResourceAccessorsForJvmTest (Thread[#13694,included builds,5,main]) started.
:presentation-sync:generateResourceAccessorsForJvmTest (Thread[#13694,included builds,5,main]) started.

> Task :presentation-sync:generateResourceAccessorsForJvmTest SKIPPED
Skipping task ':presentation-sync:generateResourceAccessorsForJvmTest' as task onlyIf 'Task satisfies onlyIf spec' is false.
Resolve mutations for :presentation-sync:assembleJvmMainResources (Thread[#13694,included builds,5,main]) started.
:presentation-sync:assembleJvmMainResources (Thread[#13694,included builds,5,main]) started.

> Task :presentation-sync:assembleJvmMainResources UP-TO-DATE
Caching disabled for task ':presentation-sync:assembleJvmMainResources' because:
  There is no logic, just copy files
Skipping task ':presentation-sync:assembleJvmMainResources' as it is up-to-date.
Resolve mutations for :presentation-sync:jvmProcessResources (Thread[#13694,included builds,5,main]) started.
:presentation-sync:jvmProcessResources (Thread[#13694,included builds,5,main]) started.

> Task :presentation-sync:jvmProcessResources UP-TO-DATE
Caching disabled for task ':presentation-sync:jvmProcessResources' because:
  Not worth caching
Skipping task ':presentation-sync:jvmProcessResources' as it is up-to-date.
Resolve mutations for :presentation-sync:processJvmMainResources (Thread[#13698,Execution worker Thread 4,5,main]) started.
:presentation-sync:processJvmMainResources (Thread[#13716,Execution worker Thread 21,5,main]) started.

> Task :presentation-sync:processJvmMainResources SKIPPED
Skipping task ':presentation-sync:processJvmMainResources' as task onlyIf 'Task is enabled' is false.
Resolve mutations for :presentation-sync:assembleJvmTestResources (Thread[#13699,Execution worker Thread 5,5,main]) started.
:presentation-sync:assembleJvmTestResources (Thread[#13699,Execution worker Thread 5,5,main]) started.

> Task :presentation-sync:assembleJvmTestResources UP-TO-DATE
Caching disabled for task ':presentation-sync:assembleJvmTestResources' because:
  There is no logic, just copy files
Skipping task ':presentation-sync:assembleJvmTestResources' as it is up-to-date.
Resolve mutations for :presentation-sync:jvmTestProcessResources (Thread[#13699,Execution worker Thread 5,5,main]) started.
:presentation-sync:jvmTestProcessResources (Thread[#13699,Execution worker Thread 5,5,main]) started.

> Task :presentation-sync:jvmTestProcessResources UP-TO-DATE
Caching disabled for task ':presentation-sync:jvmTestProcessResources' because:
  Not worth caching
Skipping task ':presentation-sync:jvmTestProcessResources' as it is up-to-date.
Resolve mutations for :presentation-sync:processJvmTestResources (Thread[#13699,Execution worker Thread 5,5,main]) started.
:presentation-sync:processJvmTestResources (Thread[#13699,Execution worker Thread 5,5,main]) started.

> Task :presentation-sync:processJvmTestResources SKIPPED
Skipping task ':presentation-sync:processJvmTestResources' as task onlyIf 'Task is enabled' is false.

> Task :source-api:compileKotlinJvm UP-TO-DATE
Build cache key for task ':source-api:compileKotlinJvm' is cf2ca1e3765271dfe611a5a8f452d0a6
Skipping task ':source-api:compileKotlinJvm' as it is up-to-date.
Resolve mutations for :source-api:compileJvmMainJava (Thread[#13706,Execution worker Thread 12,5,main]) started.
:source-api:compileJvmMainJava (Thread[#13706,Execution worker Thread 12,5,main]) started.

> Task :source-api:compileJvmMainJava NO-SOURCE
Skipping task ':source-api:compileJvmMainJava' as it has no source files and no previous output files.
Resolve mutations for :source-api:jvmMainClasses (Thread[#13706,Execution worker Thread 12,5,main]) started.
:source-api:jvmMainClasses (Thread[#13706,Execution worker Thread 12,5,main]) started.

> Task :source-api:jvmMainClasses UP-TO-DATE
Skipping task ':source-api:jvmMainClasses' as it has no actions.
Resolve mutations for :source-api:jvmJar (Thread[#13706,Execution worker Thread 12,5,main]) started.
:source-api:jvmJar (Thread[#13706,Execution worker Thread 12,5,main]) started.

> Task :source-api:jvmJar UP-TO-DATE
Caching disabled for task ':source-api:jvmJar' because:
  Not worth caching
Skipping task ':source-api:jvmJar' as it is up-to-date.
work action resolve source-api-jvm.jar (project :source-api) (Thread[#13706,Execution worker Thread 12,5,main]) started.
Resolve mutations for :domain:compileKotlinJvm (Thread[#13706,Execution worker Thread 12,5,main]) started.
:domain:compileKotlinJvm (Thread[#13706,Execution worker Thread 12,5,main]) started.

> Task :domain:compileKotlinJvm UP-TO-DATE
Build cache key for task ':domain:compileKotlinJvm' is 07b92cd573d81d78e969f5741f22d05d
Skipping task ':domain:compileKotlinJvm' as it is up-to-date.
Resolve mutations for :domain:compileJvmMainJava (Thread[#13706,Execution worker Thread 12,5,main]) started.
:domain:compileJvmMainJava (Thread[#13706,Execution worker Thread 12,5,main]) started.

> Task :domain:compileJvmMainJava NO-SOURCE
Skipping task ':domain:compileJvmMainJava' as it has no source files and no previous output files.
Resolve mutations for :domain:jvmMainClasses (Thread[#13706,Execution worker Thread 12,5,main]) started.
:domain:jvmMainClasses (Thread[#13706,Execution worker Thread 12,5,main]) started.

> Task :domain:jvmMainClasses UP-TO-DATE
Skipping task ':domain:jvmMainClasses' as it has no actions.
Resolve mutations for :domain:jvmJar (Thread[#13706,Execution worker Thread 12,5,main]) started.
:domain:jvmJar (Thread[#13706,Execution worker Thread 12,5,main]) started.

> Task :domain:jvmJar UP-TO-DATE
Caching disabled for task ':domain:jvmJar' because:
  Not worth caching
Skipping task ':domain:jvmJar' as it is up-to-date.
work action resolve domain-jvm.jar (project :domain) (Thread[#13706,Execution worker Thread 12,5,main]) started.
Resolve mutations for :data:compileKotlinJvm (Thread[#13706,Execution worker Thread 12,5,main]) started.
Resolve mutations for :domain:compileTestKotlinJvm (Thread[#13710,Execution worker Thread 16,5,main]) started.
:data:compileKotlinJvm (Thread[#13710,Execution worker Thread 16,5,main]) started.
:domain:compileTestKotlinJvm (Thread[#13720,Execution worker Thread 25,5,main]) started.

> Task :domain:compileTestKotlinJvm UP-TO-DATE
Build cache key for task ':domain:compileTestKotlinJvm' is d1c81684541ef11a34a84c7a08bcafab
Skipping task ':domain:compileTestKotlinJvm' as it is up-to-date.
Resolve mutations for :domain:compileJvmTestJava (Thread[#13720,Execution worker Thread 25,5,main]) started.
:domain:compileJvmTestJava (Thread[#13720,Execution worker Thread 25,5,main]) started.

> Task :domain:compileJvmTestJava NO-SOURCE
Skipping task ':domain:compileJvmTestJava' as it has no source files and no previous output files.
Resolve mutations for :domain:jvmTestClasses (Thread[#13720,Execution worker Thread 25,5,main]) started.
:domain:jvmTestClasses (Thread[#13703,Execution worker Thread 9,5,main]) started.

> Task :domain:jvmTestClasses UP-TO-DATE
Skipping task ':domain:jvmTestClasses' as it has no actions.
Resolve mutations for :domain:jvmTest (Thread[#13703,Execution worker Thread 9,5,main]) started.
:domain:jvmTest (Thread[#13703,Execution worker Thread 9,5,main]) started.
Gradle Test Executor 30 started executing tests.

> Task :data:compileKotlinJvm
Build cache key for task ':data:compileKotlinJvm' is 9f4fce4b9b68d5f4b509397df3bfc5cb
Task ':data:compileKotlinJvm' is not up-to-date because:
  Input property 'commonSourceSet$kotlin_gradle_plugin_common' file D:\Codex\worktrees\85be\mihon\data\src\commonMain\kotlin\mihon\data\sync\runtime\SyncRuntime.kt has changed.
  Input property 'commonSourceSet$kotlin_gradle_plugin_common' file D:\Codex\worktrees\85be\mihon\data\src\commonMain\kotlin\mihon\data\sync\transport\GitHubGitDatabaseClient.kt has changed.
  Input property 'multiplatformStructure.fragments.$1.sources' file D:\Codex\worktrees\85be\mihon\data\src\commonMain\kotlin\mihon\data\sync\runtime\SyncRuntime.kt has changed.
  and more...
file or directory 'D:\Codex\worktrees\85be\mihon\data\src\jvmMain\java', not found
file or directory 'D:\Codex\worktrees\85be\mihon\data\src\jvmMain\java', not found
file or directory 'D:\Codex\worktrees\85be\mihon\data\src\jvmMain\java', not found
file or directory 'D:\Codex\worktrees\85be\mihon\data\src\jvmMain\java', not found
file or directory 'D:\Codex\worktrees\85be\mihon\data\src\jvmMain\java', not found
Kotlin source files: D:\Codex\worktrees\85be\mihon\data\src\jvmMain\kotlin\mihon\data\sync\crypto\SyncAeadEngineFactoryJvm.kt, D:\Codex\worktrees\85be\mihon\data\src\jvmMain\kotlin\mihon\data\sync\crypto\SyncRecoveryFactoryJvm.kt, D:\Codex\worktrees\85be\mihon\data\src\jvmMain\kotlin\tachiyomi\data\JvmDatabaseHandler.kt, D:\Codex\worktrees\85be\mihon\data\src\jvmMain\kotlin\tachiyomi\data\JvmTransactionContext.kt, D:\Codex\worktrees\85be\mihon\data\src\jvmMain\kotlin\tachiyomi\data\release\DesktopPlatformInfo.kt, D:\Codex\worktrees\85be\mihon\data\src\commonMain\kotlin\eu\kanade\tachiyomi\data\backup\models\Backup.kt, D:\Codex\worktrees\85be\mihon\data\src\commonMain\kotlin\eu\kanade\tachiyomi\data\backup\models\BackupAuthorArchive.kt, D:\Codex\worktrees\85be\mihon\data\src\commonMain\kotlin\eu\kanade\tachiyomi\data\backup\models\BackupCategory.kt, D:\Codex\worktrees\85be\mihon\data\src\commonMain\kotlin\eu\kanade\tachiyomi\data\backup\models\BackupChapter.kt, D:\Codex\worktrees\85be\mihon\data\src\commonMain\kotlin\eu\kanade\tachiyomi\data\backup\models\BackupExtensionRepos.kt, D:\Codex\worktrees\85be\mihon\data\src\commonMain\kotlin\eu\kanade\tachiyomi\data\backup\models\BackupHistory.kt, D:\Codex\worktrees\85be\mihon\data\src\commonMain\kotlin\eu\kanade\tachiyomi\data\backup\models\BackupManga.kt, D:\Codex\worktrees\85be\mihon\data\src\commonMain\kotlin\eu\kanade\tachiyomi\data\backup\models\BackupPreference.kt, D:\Codex\worktrees\85be\mihon\data\src\commonMain\kotlin\eu\kanade\tachiyomi\data\backup\models\BackupSource.kt, D:\Codex\worktrees\85be\mihon\data\src\commonMain\kotlin\eu\kanade\tachiyomi\data\backup\models\BackupTracking.kt, D:\Codex\worktrees\85be\mihon\data\src\commonMain\kotlin\mihon\data\repository\ExtensionRepoRepositoryImpl.kt, D:\Codex\worktrees\85be\mihon\data\src\commonMain\kotlin\mihon\data\sync\auth\GitHubAuthClient.kt, D:\Codex\worktrees\85be\mihon\data\src\commonMain\kotlin\mihon\data\sync\auth\GitHubRepositorySelector.kt, D:\Codex\worktrees\85be\mihon\data\src\commonMain\kotlin\mihon\data\sync\auth\GitHubSyncSpaceClient.kt, D:\Codex\worktrees\85be\mihon\data\src\commonMain\kotlin\mihon\data\sync\auth\PersistentGitHubCredentialStore.kt, D:\Codex\worktrees\85be\mihon\data\src\commonMain\kotlin\mihon\data\sync\crypto\SyncAeadEngineFactory.kt, D:\Codex\worktrees\85be\mihon\data\src\commonMain\kotlin\mihon\data\sync\crypto\SyncRecoveryFactory.kt, D:\Codex\worktrees\85be\mihon\data\src\commonMain\kotlin\mihon\data\sync\crypto\SyncSpaceCrypto.kt, D:\Codex\worktrees\85be\mihon\data\src\commonMain\kotlin\mihon\data\sync\http\SyncHttpClient.kt, D:\Codex\worktrees\85be\mihon\data\src\commonMain\kotlin\mihon\data\sync\http\SyncMetrics.kt, D:\Codex\worktrees\85be\mihon\data\src\commonMain\kotlin\mihon\data\sync\inbox\SyncDiscoveryStore.kt, D:\Codex\worktrees\85be\mihon\data\src\commonMain\kotlin\mihon\data\sync\inbox\SyncEventIndex.kt, D:\Codex\worktrees\85be\mihon\data\src\commonMain\kotlin\mihon\data\sync\inbox\SyncHistoryPolicy.kt, D:\Codex\worktrees\85be\mihon\data\src\commonMain\kotlin\mihon\data\sync\inbox\SyncInboxProjector.kt, D:\Codex\worktrees\85be\mihon\data\src\commonMain\kotlin\mihon\data\sync\inbox\SyncInboxStore.kt, D:\Codex\worktrees\85be\mihon\data\src\commonMain\kotlin\mihon\data\sync\journal\SyncBackupRestorer.kt, D:\Codex\worktrees\85be\mihon\data\src\commonMain\kotlin\mihon\data\sync\journal\SyncBaselineStore.kt, D:\Codex\worktrees\85be\mihon\data\src\commonMain\kotlin\mihon\data\sync\journal\SyncLocalJournal.kt, D:\Codex\worktrees\85be\mihon\data\src\commonMain\kotlin\mihon\data\sync\journal\SyncObjectDescriptions.kt, D:\Codex\worktrees\85be\mihon\data\src\commonMain\kotlin\mihon\data\sync\journal\SyncOutboxStore.kt, D:\Codex\worktrees\85be\mihon\data\src\commonMain\kotlin\mihon\data\sync\journal\SyncReadingJournal.kt, D:\Codex\worktrees\85be\mihon\data\src\commonMain\kotlin\mihon\data\sync\journal\SyncTransactionJournal.kt, D:\Codex\worktrees\85be\mihon\data\src\commonMain\kotlin\mihon\data\sync\projection\SyncAuthorIdentity.kt, D:\Codex\worktrees\85be\mihon\data\src\commonMain\kotlin\mihon\data\sync\projection\SyncRemoteProjectionWriter.kt, D:\Codex\worktrees\85be\mihon\data\src\commonMain\kotlin\mihon\data\sync\runtime\SyncAccountHttpRequestGate.kt, D:\Codex\worktrees\85be\mihon\data\src\commonMain\kotlin\mihon\data\sync\runtime\SyncDatabaseExchange.kt, D:\Codex\worktrees\85be\mihon\data\src\commonMain\kotlin\mihon\data\sync\runtime\SyncOnboarding.kt, D:\Codex\worktrees\85be\mihon\data\src\commonMain\kotlin\mihon\data\sync\runtime\SyncPanel.kt, D:\Codex\worktrees\85be\mihon\data\src\commonMain\kotlin\mihon\data\sync\runtime\SyncPanelController.kt, D:\Codex\worktrees\85be\mihon\data\src\commonMain\kotlin\mihon\data\sync\runtime\SyncRunStore.kt, D:\Codex\worktrees\85be\mihon\data\src\commonMain\kotlin\mihon\data\sync\runtime\SyncRuntime.kt, D:\Codex\worktrees\85be\mihon\data\src\commonMain\kotlin\mihon\data\sync\runtime\SyncSetupStorage.kt, D:\Codex\worktrees\85be\mihon\data\src\commonMain\kotlin\mihon\data\sync\security\EncryptedFileSyncSecureStore.kt, D:\Codex\worktrees\85be\mihon\data\src\commonMain\kotlin\mihon\data\sync\transport\GitHubGitDatabaseClient.kt, D:\Codex\worktrees\85be\mihon\data\src\commonMain\kotlin\mihon\data\sync\transport\SyncBatchSyncService.kt, D:\Codex\worktrees\85be\mihon\data\src\commonMain\kotlin\mihon\data\sync\transport\SyncGraphQlSingleBatchAdapter.kt, D:\Codex\worktrees\85be\mihon\data\src\commonMain\kotlin\mihon\data\sync\transport\SyncPersistentGitObjectCache.kt, D:\Codex\worktrees\85be\mihon\data\src\commonMain\kotlin\mihon\data\sync\transport\SyncRemoteSnapshotGuard.kt, D:\Codex\worktrees\85be\mihon\data\src\commonMain\kotlin\mihon\data\sync\transport\SyncSnapshotManifestStore.kt, D:\Codex\worktrees\85be\mihon\data\src\commonMain\kotlin\mihon\data\sync\transport\SyncTreeEntryPayloadPlanner.kt, D:\Codex\worktrees\85be\mihon\data\src\commonMain\kotlin\mihon\data\sync\transport\SyncUploadArtifactCodec.kt, D:\Codex\worktrees\85be\mihon\data\src\commonMain\kotlin\tachiyomi\data\backup\AuthorArchiveBackupContributor.kt, D:\Codex\worktrees\85be\mihon\data\src\commonMain\kotlin\tachiyomi\data\backup\BackupCodec.kt, D:\Codex\worktrees\85be\mihon\data\src\commonMain\kotlin\tachiyomi\data\backup\CreatorPreferenceBackupValidation.kt, D:\Codex\worktrees\85be\mihon\data\src\commonMain\kotlin\tachiyomi\data\category\CategoryRepositoryImpl.kt, D:\Codex\worktrees\85be\mihon\data\src\commonMain\kotlin\tachiyomi\data\chapter\ChapterRepositoryImpl.kt, D:\Codex\worktrees\85be\mihon\data\src\commonMain\kotlin\tachiyomi\data\chapter\ChapterSanitizer.kt, D:\Codex\worktrees\85be\mihon\data\src\commonMain\kotlin\tachiyomi\data\creator\CreatorArchiveLegacyBridge.kt, D:\Codex\worktrees\85be\mihon\data\src\commonMain\kotlin\tachiyomi\data\creator\CreatorIdentityGraphMerger.kt, D:\Codex\worktrees\85be\mihon\data\src\commonMain\kotlin\tachiyomi\data\creator\CreatorIdentityRecovery.kt, D:\Codex\worktrees\85be\mihon\data\src\commonMain\kotlin\tachiyomi\data\creator\CreatorRepositoryImpl.kt, D:\Codex\worktrees\85be\mihon\data\src\commonMain\kotlin\tachiyomi\data\DatabaseAdapter.kt, D:\Codex\worktrees\85be\mihon\data\src\commonMain\kotlin\tachiyomi\data\DatabaseHandler.kt, D:\Codex\worktrees\85be\mihon\data\src\commonMain\kotlin\tachiyomi\data\DatabaseMigration.kt, D:\Codex\worktrees\85be\mihon\data\src\commonMain\kotlin\tachiyomi\data\download\PersistentDownloadStore.kt, D:\Codex\worktrees\85be\mihon\data\src\commonMain\kotlin\tachiyomi\data\history\HistoryMapper.kt, D:\Codex\worktrees\85be\mihon\data\src\commonMain\kotlin\tachiyomi\data\history\HistoryRepositoryImpl.kt, D:\Codex\worktrees\85be\mihon\data\src\commonMain\kotlin\tachiyomi\data\manga\MangaMapper.kt, D:\Codex\worktrees\85be\mihon\data\src\commonMain\kotlin\tachiyomi\data\manga\MangaRepositoryImpl.kt, D:\Codex\worktrees\85be\mihon\data\src\commonMain\kotlin\tachiyomi\data\reader\SqlDelightReadingProgressRepository.kt, D:\Codex\worktrees\85be\mihon\data\src\commonMain\kotlin\tachiyomi\data\release\GithubRelease.kt, D:\Codex\worktrees\85be\mihon\data\src\commonMain\kotlin\tachiyomi\data\release\PlatformInfo.kt, D:\Codex\worktrees\85be\mihon\data\src\commonMain\kotlin\tachiyomi\data\release\ReleaseServiceImpl.kt, D:\Codex\worktrees\85be\mihon\data\src\commonMain\kotlin\tachiyomi\data\source\StubSourceRepositoryImpl.kt, D:\Codex\worktrees\85be\mihon\data\src\commonMain\kotlin\tachiyomi\data\track\TrackMapper.kt, D:\Codex\worktrees\85be\mihon\data\src\commonMain\kotlin\tachiyomi\data\track\TrackRepositoryImpl.kt, D:\Codex\worktrees\85be\mihon\data\src\commonMain\kotlin\tachiyomi\data\updates\UpdatesRepositoryImpl.kt, D:\Codex\worktrees\85be\mihon\data\build\generated\sqldelight\code\Database\commonMain\tachiyomi\data\Author_archiveQueries.kt, D:\Codex\worktrees\85be\mihon\data\build\generated\sqldelight\code\Database\commonMain\tachiyomi\data\Author_archive_aliases.kt, D:\Codex\worktrees\85be\mihon\data\build\generated\sqldelight\code\Database\commonMain\tachiyomi\data\Author_archive_canonical_creators.kt, D:\Codex\worktrees\85be\mihon\data\build\generated\sqldelight\code\Database\commonMain\tachiyomi\data\Author_archive_canonical_versions.kt, D:\Codex\worktrees\85be\mihon\data\build\generated\sqldelight\code\Database\commonMain\tachiyomi\data\Author_archive_canonical_works.kt, D:\Codex\worktrees\85be\mihon\data\build\generated\sqldelight\code\Database\commonMain\tachiyomi\data\Author_archive_chapter_variants.kt, D:\Codex\worktrees\85be\mihon\data\build\generated\sqldelight\code\Database\commonMain\tachiyomi\data\Author_archive_creators.kt, D:\Codex\worktrees\85be\mihon\data\build\generated\sqldelight\code\Database\commonMain\tachiyomi\data\Author_archive_discoveries.kt, D:\Codex\worktrees\85be\mihon\data\build\generated\sqldelight\code\Database\commonMain\tachiyomi\data\Author_archive_identity_commands.kt, D:\Codex\worktrees\85be\mihon\data\build\generated\sqldelight\code\Database\commonMain\tachiyomi\data\Author_archive_identity_migrations.kt, D:\Codex\worktrees\85be\mihon\data\build\generated\sqldelight\code\Database\commonMain\tachiyomi\data\Author_archive_identity_migration_components.kt, D:\Codex\worktrees\85be\mihon\data\build\generated\sqldelight\code\Database\commonMain\tachiyomi\data\Author_archive_identity_names.kt, D:\Codex\worktrees\85be\mihon\data\build\generated\sqldelight\code\Database\commonMain\tachiyomi\data\Author_archive_index_mention_buffer.kt, D:\Codex\worktrees\85be\mihon\data\build\generated\sqldelight\code\Database\commonMain\tachiyomi\data\Author_archive_index_work_buffer.kt, D:\Codex\worktrees\85be\mihon\data\build\generated\sqldelight\code\Database\commonMain\tachiyomi\data\Author_archive_language_assertions.kt, D:\Codex\worktrees\85be\mihon\data\build\generated\sqldelight\code\Database\commonMain\tachiyomi\data\Author_archive_legacy_import_state.kt, D:\Codex\worktrees\85be\mihon\data\build\generated\sqldelight\code\Database\commonMain\tachiyomi\data\Author_archive_manga_links.kt, D:\Codex\worktrees\85be\mihon\data\build\generated\sqldelight\code\Database\commonMain\tachiyomi\data\Author_archive_notification_outbox.kt, D:\Codex\worktrees\85be\mihon\data\build\generated\sqldelight\code\Database\commonMain\tachiyomi\data\Author_archive_representative_work_cache.kt, D:\Codex\worktrees\85be\mihon\data\build\generated\sqldelight\code\Database\commonMain\tachiyomi\data\Author_archive_runs.kt, D:\Codex\worktrees\85be\mihon\data\build\generated\sqldelight\code\Database\commonMain\tachiyomi\data\Author_archive_source_checkpoints.kt, D:\Codex\worktrees\85be\mihon\data\build\generated\sqldelight\code\Database\commonMain\tachiyomi\data\Author_archive_source_date_quality.kt, D:\Codex\worktrees\85be\mihon\data\build\generated\sqldelight\code\Database\commonMain\tachiyomi\data\Author_archive_source_date_quality_current.kt, D:\Codex\worktrees\85be\mihon\data\build\generated\sqldelight\code\Database\commonMain\tachiyomi\data\Author_archive_source_date_quality_samples.kt, D:\Codex\worktrees\85be\mihon\data\build\generated\sqldelight\code\Database\commonMain\tachiyomi\data\Author_archive_source_works.kt, D:\Codex\worktrees\85be\mihon\data\build\generated\sqldelight\code\Database\commonMain\tachiyomi\data\Author_archive_source_work_creators.kt, D:\Codex\worktrees\85be\mihon\data\build\generated\sqldelight\code\Database\commonMain\tachiyomi\data\Author_archive_watches.kt, D:\Codex\worktrees\85be\mihon\data\build\generated\sqldelight\code\Database\commonMain\tachiyomi\data\Author_archive_watch_languages.kt, D:\Codex\worktrees\85be\mihon\data\build\generated\sqldelight\code\Database\commonMain\tachiyomi\data\Author_archive_watch_result_policies.kt, D:\Codex\worktrees\85be\mihon\data\build\generated\sqldelight\code\Database\commonMain\tachiyomi\data\Author_archive_watch_sources.kt, D:\Codex\worktrees\85be\mihon\data\build\generated\sqldelight\code\Database\commonMain\tachiyomi\data\Author_archive_work_decisions.kt, D:\Codex\worktrees\85be\mihon\data\build\generated\sqldelight\code\Database\commonMain\tachiyomi\data\Author_identity_editingQueries.kt, D:\Codex\worktrees\85be\mihon\data\build\generated\sqldelight\code\Database\commonMain\tachiyomi\data\Author_identity_recoveryQueries.kt, D:\Codex\worktrees\85be\mihon\data\build\generated\sqldelight\code\Database\commonMain\tachiyomi\data\Canonical_works.kt, D:\Codex\worktrees\85be\mihon\data\build\generated\sqldelight\code\Database\commonMain\tachiyomi\data\Categories.kt, D:\Codex\worktrees\85be\mihon\data\build\generated\sqldelight\code\Database\commonMain\tachiyomi\data\CategoriesQueries.kt, D:\Codex\worktrees\85be\mihon\data\build\generated\sqldelight\code\Database\commonMain\tachiyomi\data\Chapters.kt, D:\Codex\worktrees\85be\mihon\data\build\generated\sqldelight\code\Database\commonMain\tachiyomi\data\ChaptersQueries.kt, D:\Codex\worktrees\85be\mihon\data\build\generated\sqldelight\code\Database\commonMain\tachiyomi\data\CountBulkOutcomes.kt, D:\Codex\worktrees\85be\mihon\data\build\generated\sqldelight\code\Database\commonMain\tachiyomi\data\CountBulkTypes.kt, D:\Codex\worktrees\85be\mihon\data\build\generated\sqldelight\code\Database\commonMain\tachiyomi\data\CountInboxBatches.kt, D:\Codex\worktrees\85be\mihon\data\build\generated\sqldelight\code\Database\commonMain\tachiyomi\data\Creators.kt, D:\Codex\worktrees\85be\mihon\data\build\generated\sqldelight\code\Database\commonMain\tachiyomi\data\CreatorsQueries.kt, D:\Codex\worktrees\85be\mihon\data\build\generated\sqldelight\code\Database\commonMain\tachiyomi\data\Creator_watches.kt, D:\Codex\worktrees\85be\mihon\data\build\generated\sqldelight\code\Database\commonMain\tachiyomi\data\data\DatabaseImpl.kt, D:\Codex\worktrees\85be\mihon\data\build\generated\sqldelight\code\Database\commonMain\tachiyomi\data\Database.kt, D:\Codex\worktrees\85be\mihon\data\build\generated\sqldelight\code\Database\commonMain\tachiyomi\data\Discovery_candidates.kt, D:\Codex\worktrees\85be\mihon\data\build\generated\sqldelight\code\Database\commonMain\tachiyomi\data\Discovery_candidate_creators.kt, D:\Codex\worktrees\85be\mihon\data\build\generated\sqldelight\code\Database\commonMain\tachiyomi\data\Download_queue.kt, D:\Codex\worktrees\85be\mihon\data\build\generated\sqldelight\code\Database\commonMain\tachiyomi\data\Download_queueQueries.kt, D:\Codex\worktrees\85be\mihon\data\build\generated\sqldelight\code\Database\commonMain\tachiyomi\data\Excluded_scanlators.kt, D:\Codex\worktrees\85be\mihon\data\build\generated\sqldelight\code\Database\commonMain\tachiyomi\data\Excluded_scanlatorsQueries.kt, D:\Codex\worktrees\85be\mihon\data\build\generated\sqldelight\code\Database\commonMain\tachiyomi\data\Extension_repos.kt, D:\Codex\worktrees\85be\mihon\data\build\generated\sqldelight\code\Database\commonMain\tachiyomi\data\Extension_reposQueries.kt, D:\Codex\worktrees\85be\mihon\data\build\generated\sqldelight\code\Database\commonMain\tachiyomi\data\GetAffectedFields.kt, D:\Codex\worktrees\85be\mihon\data\build\generated\sqldelight\code\Database\commonMain\tachiyomi\data\GetAllMangaSourceAndUrl.kt, D:\Codex\worktrees\85be\mihon\data\build\generated\sqldelight\code\Database\commonMain\tachiyomi\data\GetArchiveAliasesForBackup.kt, D:\Codex\worktrees\85be\mihon\data\build\generated\sqldelight\code\Database\commonMain\tachiyomi\data\GetArchiveAliasesForCreatorIdentity.kt, D:\Codex\worktrees\85be\mihon\data\build\generated\sqldelight\code\Database\commonMain\tachiyomi\data\GetArchiveBlankUrlMangaSeeds.kt, D:\Codex\worktrees\85be\mihon\data\build\generated\sqldelight\code\Database\commonMain\tachiyomi\data\GetArchiveCandidatesForCreator.kt, D:\Codex\worktrees\85be\mihon\data\build\generated\sqldelight\code\Database\commonMain\tachiyomi\data\GetArchiveCanonicalCreatorsForCreator.kt, D:\Codex\worktrees\85be\mihon\data\build\generated\sqldelight\code\Database\commonMain\tachiyomi\data\GetArchiveCanonicalWork.kt, D:\Codex\worktrees\85be\mihon\data\build\generated\sqldelight\code\Database\commonMain\tachiyomi\data\GetArchiveCanonicalWorksForBackup.kt, D:\Codex\worktrees\85be\mihon\data\build\generated\sqldelight\code\Database\commonMain\tachiyomi\data\GetArchiveChapterVariants.kt, D:\Codex\worktrees\85be\mihon\data\build\generated\sqldelight\code\Database\commonMain\tachiyomi\data\GetArchiveCreator.kt, D:\Codex\worktrees\85be\mihon\data\build\generated\sqldelight\code\Database\commonMain\tachiyomi\data\GetArchiveCreatorIdentityOptions.kt, D:\Codex\worktrees\85be\mihon\data\build\generated\sqldelight\code\Database\commonMain\tachiyomi\data\GetArchiveCreatorIdentityRecord.kt, D:\Codex\worktrees\85be\mihon\data\build\generated\sqldelight\code\Database\commonMain\tachiyomi\data\GetArchiveCreatorRedirects.kt, D:\Codex\worktrees\85be\mihon\data\build\generated\sqldelight\code\Database\commonMain\tachiyomi\data\GetArchiveCreators.kt, D:\Codex\worktrees\85be\mihon\data\build\generated\sqldelight\code\Database\commonMain\tachiyomi\data\GetArchiveCreatorsByAlias.kt, D:\Codex\worktrees\85be\mihon\data\build\generated\sqldelight\code\Database\commonMain\tachiyomi\data\GetArchiveCreatorsForBackup.kt, D:\Codex\worktrees\85be\mihon\data\build\generated\sqldelight\code\Database\commonMain\tachiyomi\data\GetArchiveDiscoveries.kt, D:\Codex\worktrees\85be\mihon\data\build\generated\sqldelight\code\Database\commonMain\tachiyomi\data\GetArchiveDiscoveriesForBackup.kt, D:\Codex\worktrees\85be\mihon\data\build\generated\sqldelight\code\Database\commonMain\tachiyomi\data\GetArchiveDiscoveryProjectionById.kt, D:\Codex\worktrees\85be\mihon\data\build\generated\sqldelight\code\Database\commonMain\tachiyomi\data\GetArchiveDiscoveryRunByKey.kt, D:\Codex\worktrees\85be\mihon\data\build\generated\sqldelight\code\Database\commonMain\tachiyomi\data\GetArchiveDiscoveryState.kt, D:\Codex\worktrees\85be\mihon\data\build\generated\sqldelight\code\Database\commonMain\tachiyomi\data\GetArchiveDueWatchSources.kt, D:\Codex\worktrees\85be\mihon\data\build\generated\sqldelight\code\Database\commonMain\tachiyomi\data\GetArchiveFollowedCreators.kt, D:\Codex\worktrees\85be\mihon\data\build\generated\sqldelight\code\Database\commonMain\tachiyomi\data\GetArchiveLanguageAssertionByIdempotencyKey.kt, D:\Codex\worktrees\85be\mihon\data\build\generated\sqldelight\code\Database\commonMain\tachiyomi\data\GetArchiveLanguageAssertions.kt, D:\Codex\worktrees\85be\mihon\data\build\generated\sqldelight\code\Database\commonMain\tachiyomi\data\GetArchiveMangaCreatorsForCreator.kt, D:\Codex\worktrees\85be\mihon\data\build\generated\sqldelight\code\Database\commonMain\tachiyomi\data\GetArchiveMangaLink.kt, D:\Codex\worktrees\85be\mihon\data\build\generated\sqldelight\code\Database\commonMain\tachiyomi\data\GetArchiveMangaLinksForIndex.kt, D:\Codex\worktrees\85be\mihon\data\build\generated\sqldelight\code\Database\commonMain\tachiyomi\data\GetArchiveMangaRelationsForIdentityMerge.kt, D:\Codex\worktrees\85be\mihon\data\build\generated\sqldelight\code\Database\commonMain\tachiyomi\data\GetArchiveMangaTitlesForCreator.kt, D:\Codex\worktrees\85be\mihon\data\build\generated\sqldelight\code\Database\commonMain\tachiyomi\data\GetArchiveManualLanguageDecisionsForBackup.kt, D:\Codex\worktrees\85be\mihon\data\build\generated\sqldelight\code\Database\commonMain\tachiyomi\data\GetArchiveNotificationOutboxByIdempotencyKey.kt, D:\Codex\worktrees\85be\mihon\data\build\generated\sqldelight\code\Database\commonMain\tachiyomi\data\GetArchiveRecoverableDiscoveryRuns.kt, D:\Codex\worktrees\85be\mihon\data\build\generated\sqldelight\code\Database\commonMain\tachiyomi\data\GetArchiveSourceCheckpoints.kt, D:\Codex\worktrees\85be\mihon\data\build\generated\sqldelight\code\Database\commonMain\tachiyomi\data\GetArchiveSourceSchedules.kt, D:\Codex\worktrees\85be\mihon\data\build\generated\sqldelight\code\Database\commonMain\tachiyomi\data\GetArchiveSourceWorkBindingsForBackup.kt, D:\Codex\worktrees\85be\mihon\data\build\generated\sqldelight\code\Database\commonMain\tachiyomi\data\GetArchiveSourceWorkCreator.kt, D:\Codex\worktrees\85be\mihon\data\build\generated\sqldelight\code\Database\commonMain\tachiyomi\data\GetArchiveSourceWorkCreatorsForCreator.kt, D:\Codex\worktrees\85be\mihon\data\build\generated\sqldelight\code\Database\commonMain\tachiyomi\data\GetArchiveSourceWorkCreatorsForIndex.kt, D:\Codex\worktrees\85be\mihon\data\build\generated\sqldelight\code\Database\commonMain\tachiyomi\data\GetArchiveSourceWorkRelationsForIdentityMerge.kt, D:\Codex\worktrees\85be\mihon\data\build\generated\sqldelight\code\Database\commonMain\tachiyomi\data\GetArchiveSourceWorksForBackup.kt, D:\Codex\worktrees\85be\mihon\data\build\generated\sqldelight\code\Database\commonMain\tachiyomi\data\GetArchiveUnreadDiscoveries.kt, D:\Codex\worktrees\85be\mihon\data\build\generated\sqldelight\code\Database\commonMain\tachiyomi\data\GetArchiveWatchLanguagesForBackup.kt, D:\Codex\worktrees\85be\mihon\data\build\generated\sqldelight\code\Database\commonMain\tachiyomi\data\GetArchiveWatchLease.kt, D:\Codex\worktrees\85be\mihon\data\build\generated\sqldelight\code\Database\commonMain\tachiyomi\data\GetArchiveWatchPoliciesForBackup.kt, D:\Codex\worktrees\85be\mihon\data\build\generated\sqldelight\code\Database\commonMain\tachiyomi\data\GetArchiveWatchPolicyByCreator.kt, D:\Codex\worktrees\85be\mihon\data\build\generated\sqldelight\code\Database\commonMain\tachiyomi\data\GetArchiveWatchSourceBaselines.kt, D:\Codex\worktrees\85be\mihon\data\build\generated\sqldelight\code\Database\commonMain\tachiyomi\data\GetArchiveWatchSourcesForBackup.kt, D:\Codex\worktrees\85be\mihon\data\build\generated\sqldelight\code\Database\commonMain\tachiyomi\data\GetArchiveWatchSourceState.kt, D:\Codex\worktrees\85be\mihon\data\build\generated\sqldelight\code\Database\commonMain\tachiyomi\data\GetArchiveWorkDecisionByIdempotencyKey.kt, D:\Codex\worktrees\85be\mihon\data\build\generated\sqldelight\code\Database\commonMain\tachiyomi\data\GetArchiveWorkDecisionProjections.kt, D:\Codex\worktrees\85be\mihon\data\build\generated\sqldelight\code\Database\commonMain\tachiyomi\data\GetArchiveWorkDecisionsForBackup.kt, D:\Codex\worktrees\85be\mihon\data\build\generated\sqldelight\code\Database\commonMain\tachiyomi\data\GetArchiveWorkDecisionsForBinding.kt, D:\Codex\worktrees\85be\mihon\data\build\generated\sqldelight\code\Database\commonMain\tachiyomi\data\GetCategories.kt, D:\Codex\worktrees\85be\mihon\data\build\generated\sqldelight\code\Database\commonMain\tachiyomi\data\GetCategoriesByMangaId.kt, D:\Codex\worktrees\85be\mihon\data\build\generated\sqldelight\code\Database\commonMain\tachiyomi\data\GetCreatorWorkArchiveRows.kt, D:\Codex\worktrees\85be\mihon\data\build\generated\sqldelight\code\Database\commonMain\tachiyomi\data\GetDuplicateLibraryManga.kt, D:\Codex\worktrees\85be\mihon\data\build\generated\sqldelight\code\Database\commonMain\tachiyomi\data\GetEventsByKey.kt, D:\Codex\worktrees\85be\mihon\data\build\generated\sqldelight\code\Database\commonMain\tachiyomi\data\GetFieldEvents.kt, D:\Codex\worktrees\85be\mihon\data\build\generated\sqldelight\code\Database\commonMain\tachiyomi\data\GetHistoryTarget.kt, D:\Codex\worktrees\85be\mihon\data\build\generated\sqldelight\code\Database\commonMain\tachiyomi\data\GetIdentityEditorRoot.kt, D:\Codex\worktrees\85be\mihon\data\build\generated\sqldelight\code\Database\commonMain\tachiyomi\data\GetLatestArchiveWorkDecision.kt, D:\Codex\worktrees\85be\mihon\data\build\generated\sqldelight\code\Database\commonMain\tachiyomi\data\GetMangaHistory.kt, D:\Codex\worktrees\85be\mihon\data\build\generated\sqldelight\code\Database\commonMain\tachiyomi\data\GetMangaSourceWorkSeed.kt, D:\Codex\worktrees\85be\mihon\data\build\generated\sqldelight\code\Database\commonMain\tachiyomi\data\GetMangasWithFavoriteTimestamp.kt, D:\Codex\worktrees\85be\mihon\data\build\generated\sqldelight\code\Database\commonMain\tachiyomi\data\GetObjects.kt, D:\Codex\worktrees\85be\mihon\data\build\generated\sqldelight\code\Database\commonMain\tachiyomi\data\GetPendingCategoryCounts.kt, D:\Codex\worktrees\85be\mihon\data\build\generated\sqldelight\code\Database\commonMain\tachiyomi\data\GetPendingReferences.kt, D:\Codex\worktrees\85be\mihon\data\build\generated\sqldelight\code\Database\commonMain\tachiyomi\data\GetScanlatorsByMangaId.kt, D:\Codex\worktrees\85be\mihon\data\build\generated\sqldelight\code\Database\commonMain\tachiyomi\data\GetSourceIdsWithNonLibraryManga.kt, D:\Codex\worktrees\85be\mihon\data\build\generated\sqldelight\code\Database\commonMain\tachiyomi\data\GetSourceIdWithFavoriteCount.kt, D:\Codex\worktrees\85be\mihon\data\build\generated\sqldelight\code\Database\commonMain\tachiyomi\data\GetUnindexedEvents.kt, D:\Codex\worktrees\85be\mihon\data\build\generated\sqldelight\code\Database\commonMain\tachiyomi\data\GetWatermark.kt, D:\Codex\worktrees\85be\mihon\data\build\generated\sqldelight\code\Database\commonMain\tachiyomi\data\History.kt, D:\Codex\worktrees\85be\mihon\data\build\generated\sqldelight\code\Database\commonMain\tachiyomi\data\HistoryQueries.kt, D:\Codex\worktrees\85be\mihon\data\build\generated\sqldelight\code\Database\commonMain\tachiyomi\data\Mangas.kt, D:\Codex\worktrees\85be\mihon\data\build\generated\sqldelight\code\Database\commonMain\tachiyomi\data\MangasQueries.kt, D:\Codex\worktrees\85be\mihon\data\build\generated\sqldelight\code\Database\commonMain\tachiyomi\data\Mangas_categories.kt, D:\Codex\worktrees\85be\mihon\data\build\generated\sqldelight\code\Database\commonMain\tachiyomi\data\Mangas_categoriesQueries.kt, D:\Codex\worktrees\85be\mihon\data\build\generated\sqldelight\code\Database\commonMain\tachiyomi\data\Manga_creators.kt, D:\Codex\worktrees\85be\mihon\data\build\generated\sqldelight\code\Database\commonMain\tachiyomi\data\Manga_sync.kt, D:\Codex\worktrees\85be\mihon\data\build\generated\sqldelight\code\Database\commonMain\tachiyomi\data\Manga_syncQueries.kt, D:\Codex\worktrees\85be\mihon\data\build\generated\sqldelight\code\Database\commonMain\tachiyomi\data\Manga_work_matches.kt, D:\Codex\worktrees\85be\mihon\data\build\generated\sqldelight\code\Database\commonMain\tachiyomi\data\Reading_events.kt, D:\Codex\worktrees\85be\mihon\data\build\generated\sqldelight\code\Database\commonMain\tachiyomi\data\Reading_eventsQueries.kt, D:\Codex\worktrees\85be\mihon\data\build\generated\sqldelight\code\Database\commonMain\tachiyomi\data\Sources.kt, D:\Codex\worktrees\85be\mihon\data\build\generated\sqldelight\code\Database\commonMain\tachiyomi\data\SourcesQueries.kt, D:\Codex\worktrees\85be\mihon\data\build\generated\sqldelight\code\Database\commonMain\tachiyomi\data\Sync_actors.kt, D:\Codex\worktrees\85be\mihon\data\build\generated\sqldelight\code\Database\commonMain\tachiyomi\data\Sync_batches.kt, D:\Codex\worktrees\85be\mihon\data\build\generated\sqldelight\code\Database\commonMain\tachiyomi\data\Sync_bulk_items.kt, D:\Codex\worktrees\85be\mihon\data\build\generated\sqldelight\code\Database\commonMain\tachiyomi\data\Sync_bulk_jobs.kt, D:\Codex\worktrees\85be\mihon\data\build\generated\sqldelight\code\Database\commonMain\tachiyomi\data\Sync_decisions.kt, D:\Codex\worktrees\85be\mihon\data\build\generated\sqldelight\code\Database\commonMain\tachiyomi\data\Sync_descriptions.kt, D:\Codex\worktrees\85be\mihon\data\build\generated\sqldelight\code\Database\commonMain\tachiyomi\data\Sync_events.kt, D:\Codex\worktrees\85be\mihon\data\build\generated\sqldelight\code\Database\commonMain\tachiyomi\data\Sync_event_dependencies.kt, D:\Codex\worktrees\85be\mihon\data\build\generated\sqldelight\code\Database\commonMain\tachiyomi\data\Sync_event_fields.kt, D:\Codex\worktrees\85be\mihon\data\build\generated\sqldelight\code\Database\commonMain\tachiyomi\data\Sync_field_state.kt, D:\Codex\worktrees\85be\mihon\data\build\generated\sqldelight\code\Database\commonMain\tachiyomi\data\Sync_historyQueries.kt, D:\Codex\worktrees\85be\mihon\data\build\generated\sqldelight\code\Database\commonMain\tachiyomi\data\Sync_history_clears.kt, D:\Codex\worktrees\85be\mihon\data\build\generated\sqldelight\code\Database\commonMain\tachiyomi\data\Sync_history_watermarks.kt, D:\Codex\worktrees\85be\mihon\data\build\generated\sqldelight\code\Database\commonMain\tachiyomi\data\Sync_http_account_gates.kt, D:\Codex\worktrees\85be\mihon\data\build\generated\sqldelight\code\Database\commonMain\tachiyomi\data\Sync_http_gateQueries.kt, D:\Codex\worktrees\85be\mihon\data\build\generated\sqldelight\code\Database\commonMain\tachiyomi\data\Sync_importQueries.kt, D:\Codex\worktrees\85be\mihon\data\build\generated\sqldelight\code\Database\commonMain\tachiyomi\data\Sync_imports.kt, D:\Codex\worktrees\85be\mihon\data\build\generated\sqldelight\code\Database\commonMain\tachiyomi\data\Sync_import_entries.kt, D:\Codex\worktrees\85be\mihon\data\build\generated\sqldelight\code\Database\commonMain\tachiyomi\data\Sync_import_heads.kt, D:\Codex\worktrees\85be\mihon\data\build\generated\sqldelight\code\Database\commonMain\tachiyomi\data\Sync_inboxQueries.kt, D:\Codex\worktrees\85be\mihon\data\build\generated\sqldelight\code\Database\commonMain\tachiyomi\data\Sync_inbox_batches.kt, D:\Codex\worktrees\85be\mihon\data\build\generated\sqldelight\code\Database\commonMain\tachiyomi\data\Sync_invalid_events.kt, D:\Codex\worktrees\85be\mihon\data\build\generated\sqldelight\code\Database\commonMain\tachiyomi\data\Sync_journalQueries.kt, D:\Codex\worktrees\85be\mihon\data\build\generated\sqldelight\code\Database\commonMain\tachiyomi\data\Sync_object_heads.kt, D:\Codex\worktrees\85be\mihon\data\build\generated\sqldelight\code\Database\commonMain\tachiyomi\data\Sync_outbox.kt, D:\Codex\worktrees\85be\mihon\data\build\generated\sqldelight\code\Database\commonMain\tachiyomi\data\Sync_pending_decisions.kt, D:\Codex\worktrees\85be\mihon\data\build\generated\sqldelight\code\Database\commonMain\tachiyomi\data\Sync_private_reading.kt, D:\Codex\worktrees\85be\mihon\data\build\generated\sqldelight\code\Database\commonMain\tachiyomi\data\Sync_projected_history.kt, D:\Codex\worktrees\85be\mihon\data\build\generated\sqldelight\code\Database\commonMain\tachiyomi\data\Sync_projectionQueries.kt, D:\Codex\worktrees\85be\mihon\data\build\generated\sqldelight\code\Database\commonMain\tachiyomi\data\Sync_remote_guardQueries.kt, D:\Codex\worktrees\85be\mihon\data\build\generated\sqldelight\code\Database\commonMain\tachiyomi\data\Sync_remote_guards.kt, D:\Codex\worktrees\85be\mihon\data\build\generated\sqldelight\code\Database\commonMain\tachiyomi\data\Sync_remote_heads.kt, D:\Codex\worktrees\85be\mihon\data\build\generated\sqldelight\code\Database\commonMain\tachiyomi\data\Sync_remote_objects.kt, D:\Codex\worktrees\85be\mihon\data\build\generated\sqldelight\code\Database\commonMain\tachiyomi\data\Sync_restoreQueries.kt, D:\Codex\worktrees\85be\mihon\data\build\generated\sqldelight\code\Database\commonMain\tachiyomi\data\Sync_restore_runs.kt, D:\Codex\worktrees\85be\mihon\data\build\generated\sqldelight\code\Database\commonMain\tachiyomi\data\Sync_restore_units.kt, D:\Codex\worktrees\85be\mihon\data\build\generated\sqldelight\code\Database\commonMain\tachiyomi\data\Sync_runtimeQueries.kt, D:\Codex\worktrees\85be\mihon\data\build\generated\sqldelight\code\Database\commonMain\tachiyomi\data\Sync_runtime_logs.kt, D:\Codex\worktrees\85be\mihon\data\build\generated\sqldelight\code\Database\commonMain\tachiyomi\data\Sync_runtime_runs.kt, D:\Codex\worktrees\85be\mihon\data\build\generated\sqldelight\code\Database\commonMain\tachiyomi\data\Sync_snapshot_manifests.kt, D:\Codex\worktrees\85be\mihon\data\build\generated\sqldelight\code\Database\commonMain\tachiyomi\data\Sync_snapshot_manifest_batches.kt, D:\Codex\worktrees\85be\mihon\data\build\generated\sqldelight\code\Database\commonMain\tachiyomi\data\Sync_snapshot_manifest_entries.kt, D:\Codex\worktrees\85be\mihon\data\build\generated\sqldelight\code\Database\commonMain\tachiyomi\data\Sync_spaces.kt, D:\Codex\worktrees\85be\mihon\data\build\generated\sqldelight\code\Database\commonMain\tachiyomi\view\GetLatestHistory.kt, D:\Codex\worktrees\85be\mihon\data\build\generated\sqldelight\code\Database\commonMain\tachiyomi\view\History.kt, D:\Codex\worktrees\85be\mihon\data\build\generated\sqldelight\code\Database\commonMain\tachiyomi\view\HistoryView.kt, D:\Codex\worktrees\85be\mihon\data\build\generated\sqldelight\code\Database\commonMain\tachiyomi\view\HistoryViewQueries.kt, D:\Codex\worktrees\85be\mihon\data\build\generated\sqldelight\code\Database\commonMain\tachiyomi\view\LibraryView.kt, D:\Codex\worktrees\85be\mihon\data\build\generated\sqldelight\code\Database\commonMain\tachiyomi\view\LibraryViewQueries.kt, D:\Codex\worktrees\85be\mihon\data\build\generated\sqldelight\code\Database\commonMain\tachiyomi\view\UpdatesView.kt, D:\Codex\worktrees\85be\mihon\data\build\generated\sqldelight\code\Database\commonMain\tachiyomi\view\UpdatesViewQueries.kt
Java source files: 
Script source files: 
Script file extensions: 
file or directory 'D:\Codex\worktrees\85be\mihon\data\src\jvmMain\java', not found
Using Kotlin/JVM incremental compilation
[KOTLIN] Kotlin compilation 'jdkHome' argument: C:\Program Files\Eclipse Adoptium\jdk-21.0.11.10-hotspot
Options for KOTLIN DAEMON: IncrementalCompilationOptions(super=CompilationOptions(compilerMode=INCREMENTAL_COMPILER, targetPlatform=JVM, reportCategories=[0, 3], reportSeverity=2, requestedCompilationResults=[0], kotlinScriptExtensions=[]), sourceChanges=org.jetbrains.kotlin.buildtools.api.SourcesChanges$Known@64aa9f50, classpathChanges=NoChanges, workingDir=D:\Codex\worktrees\85be\mihon\data\build\kotlin\compileKotlinJvm\cacheable, multiModuleICSettings=MultiModuleICSettings(buildHistoryFile=D:\Codex\worktrees\85be\mihon\data\build\kotlin\compileKotlinJvm\local-state\build-history.bin, useModuleDetection=false), icFeatures=IncrementalCompilationFeatures(usePreciseJavaTracking=true, withAbiSnapshot=false, preciseCompilationResultsBackup=true, keepIncrementalCompilationCachesInMemory=true, enableUnsafeIncrementalCompilationForMultiplatform=false, enableMonotonousIncrementalCompileSetExpansion=true), outputFiles=[D:\Codex\worktrees\85be\mihon\data\build\classes\kotlin\jvm\main, D:\Codex\worktrees\85be\mihon\data\build\kotlin\compileKotlinJvm\cacheable, D:\Codex\worktrees\85be\mihon\data\build\kotlin\compileKotlinJvm\local-state])

OpenJDK 64-Bit Server VM warning: Sharing is only supported for boot loader classes because bootstrap classpath has been appended

> Task :domain:jvmTest
Build cache key for task ':domain:jvmTest' is 56b15ffd8ceef7cb993602a77eb8e330
Task ':domain:jvmTest' is not up-to-date because:
  Value of input property 'filter.commandLineIncludePatterns' has changed for task ':domain:jvmTest'
file or directory 'D:\Codex\worktrees\85be\mihon\domain\build\classes\java\jvmTest', not found
Starting process 'Gradle Test Executor 30'. Working directory: D:\Codex\worktrees\85be\mihon\domain Command: C:\Program Files\Eclipse Adoptium\jdk-21.0.11.10-hotspot\bin\java.exe -Dorg.gradle.internal.worker.tmpdir=D:\Codex\worktrees\85be\mihon\domain\build\tmp\jvmTest\work @C:\Users\feeli\.gradle\.tmp\gradle-worker-classpath14319291348177438755txt -Xmx512m -Dfile.encoding=UTF-8 -Duser.country=CN -Duser.language=zh -Duser.variant -ea worker.org.gradle.process.internal.worker.GradleWorkerMain 'Gradle Test Executor 30'
Successfully started process 'Gradle Test Executor 30'

ExtensionSuggestionPanelTest[jvm] > encoded ignore survives reconstructed preferences version updates and session dismissal()[jvm] STANDARD_ERROR
    WARNING: A Java agent has been loaded dynamically (C:\Users\feeli\.gradle\caches\modules-2\files-2.1\net.bytebuddy\byte-buddy-agent\1.18.2\62f38a6faf7f069d661b79a07d566f504b0b20c4\byte-buddy-agent-1.18.2.jar)
    WARNING: If a serviceability tool is in use, please run with -XX:+EnableDynamicAgentLoading to hide this warning
    WARNING: If a serviceability tool is not in use, please run with -Djdk.instrument.traceUsage for more information
    WARNING: Dynamic loading of agents will be disallowed by default in a future release

ExtensionRepoServiceV2DiscoveryTest[jvm] > unsafe redirect is invalid metadata rather than an unavailable repository()[jvm] STANDARD_ERROR
    [DispatchedCoroutine] Failed to reach repository metadata
    java.io.IOException: java.lang.IllegalArgumentException: Catalog URL must use HTTPS or loopback HTTP
    	at mihon.domain.extensionrepo.service.ExtensionRepoService$fetchRepoDetailsResult$2.invokeSuspend$fetch(ExtensionRepoService.kt:49)
    	at mihon.domain.extensionrepo.service.ExtensionRepoService$fetchRepoDetailsResult$2.invokeSuspend(ExtensionRepoService.kt:51)
    	at _COROUTINE._BOUNDARY._(CoroutineDebugging.kt:42)
    	at eu.kanade.tachiyomi.network.OkHttpExtensionsKt.awaitSuccess(OkHttpExtensions.kt:115)
    	at mihon.domain.extensionrepo.service.ExtensionRepoService$fetchRepoDetailsResult$2.invokeSuspend$fetch(ExtensionRepoService.kt:49)
    	at mihon.domain.extensionrepo.service.ExtensionRepoService$fetchRepoDetailsResult$2.invokeSuspend(ExtensionRepoService.kt:51)
    	at mihon.domain.extensionrepo.service.ExtensionRepoServiceV2DiscoveryTest$unsafe redirect is invalid metadata rather than an unavailable repository$1.invokeSuspend(ExtensionRepoServiceV2DiscoveryTest.kt:39)
    Caused by: java.io.IOException: java.lang.IllegalArgumentException: Catalog URL must use HTTPS or loopback HTTP
    	at mihon.domain.extensionrepo.service.ExtensionRepoService$fetchRepoDetailsResult$2.invokeSuspend$fetch(ExtensionRepoService.kt:49)
    	at mihon.domain.extensionrepo.service.ExtensionRepoService$fetchRepoDetailsResult$2.invokeSuspend(ExtensionRepoService.kt:51)
    	at kotlin.coroutines.jvm.internal.BaseContinuationImpl.resumeWith(ContinuationImpl.kt:34)
    	at kotlinx.coroutines.DispatchedTask.run(DispatchedTask.kt:100)
    	at kotlinx.coroutines.internal.LimitedDispatcher$Worker.run(LimitedDispatcher.kt:124)
    	at kotlinx.coroutines.scheduling.TaskImpl.run(Tasks.kt:89)
    	at kotlinx.coroutines.scheduling.CoroutineScheduler.runSafely(CoroutineScheduler.kt:586)
    	at kotlinx.coroutines.scheduling.CoroutineScheduler$Worker.executeTask(CoroutineScheduler.kt:820)
    	at kotlinx.coroutines.scheduling.CoroutineScheduler$Worker.runWorker(CoroutineScheduler.kt:717)
    	at kotlinx.coroutines.scheduling.CoroutineScheduler$Worker.run(CoroutineScheduler.kt:704)
    Caused by: mihon.domain.extensionrepo.service.InvalidCatalogRequestException: java.lang.IllegalArgumentException: Catalog URL must use HTTPS or loopback HTTP
    	at mihon.domain.extensionrepo.service.ExtensionCatalogHttpClientKt$withCatalogRedirectPolicy$$inlined$-addInterceptor$1.intercept(OkHttpClient.kt:1419)
    	at okhttp3.internal.http.RealInterceptorChain.proceed(RealInterceptorChain.kt:126)
    	at okhttp3.internal.connection.RealCall.getResponseWithInterceptorChain$okhttp(RealCall.kt:226)
    	at okhttp3.internal.connection.RealCall$AsyncCall.run(RealCall.kt:574)
    	at java.base/java.util.concurrent.ThreadPoolExecutor.runWorker(ThreadPoolExecutor.java:1144)
    	at java.base/java.util.concurrent.ThreadPoolExecutor$Worker.run(ThreadPoolExecutor.java:642)
    	at java.base/java.lang.Thread.run(Thread.java:1583)
    Caused by: java.lang.IllegalArgumentException: Catalog URL must use HTTPS or loopback HTTP
    	at mihon.domain.extensionrepo.service.ExtensionStoreCatalogDecoder.requireSupportedCatalogUrl(ExtensionStoreCatalogDecoder.kt:315)
    	at mihon.domain.extensionrepo.service.ExtensionCatalogHttpClientKt$withCatalogRedirectPolicy$$inlined$-addInterceptor$1.intercept(OkHttpClient.kt:1407)
    	... 6 more


Gradle Test Executor 30[jvm] STANDARD_ERROR
    9月 25, 2026 5:50:41 下午 org.junit.platform.launcher.core.DiscoveryIssueNotifier logIssues
    警告: TestEngine with ID 'junit-jupiter' encountered a non-critical issue during test discovery:

    (1) [WARNING] @Test method 'public final tachiyomi.domain.source.service.SourcePageResult$Empty tachiyomi.domain.source.service.SourceMangaSearchServiceTest.first page without manga produces empty result()' must not return a value. It will not be executed.
        Source: MethodSource [className = 'tachiyomi.domain.source.service.SourceMangaSearchServiceTest', methodName = 'first page without manga produces empty result', methodParameterTypes = '']
                at tachiyomi.domain.source.service.SourceMangaSearchServiceTest.first page without manga produces empty result(SourceFile:0)

Gradle Test Executor 30 finished executing tests.

> Task :domain:jvmTest
Finished generating test XML results (0.032 secs) into: D:\Codex\worktrees\85be\mihon\domain\build\test-results\jvmTest
Generating HTML test report...
Finished generating test html results (0.049 secs) into: D:\Codex\worktrees\85be\mihon\domain\build\reports\tests\jvmTest
Stored cache entry for task ':domain:jvmTest' with cache key 56b15ffd8ceef7cb993602a77eb8e330

> Task :data:compileKotlinJvm
w: file:///D:/Codex/worktrees/85be/mihon/data/src/commonMain/kotlin/mihon/data/sync/crypto/SyncAeadEngineFactory.kt:5:1 'expect'/'actual' classes (including interfaces, objects, annotations, enums, and 'actual' typealiases) are in Beta. Consider using the '-Xexpect-actual-classes' flag to suppress this warning. Also see: https://youtrack.jetbrains.com/issue/KT-61573
w: file:///D:/Codex/worktrees/85be/mihon/data/src/commonMain/kotlin/mihon/data/sync/crypto/SyncRecoveryFactory.kt:5:1 'expect'/'actual' classes (including interfaces, objects, annotations, enums, and 'actual' typealiases) are in Beta. Consider using the '-Xexpect-actual-classes' flag to suppress this warning. Also see: https://youtrack.jetbrains.com/issue/KT-61573
w: file:///D:/Codex/worktrees/85be/mihon/data/src/commonMain/kotlin/mihon/data/sync/http/SyncHttpClient.kt:121:52 The corresponding parameter in the supertype 'Callback' is named 'e'. This may cause problems when calling this function with named arguments.
w: file:///D:/Codex/worktrees/85be/mihon/data/src/commonMain/kotlin/mihon/data/sync/runtime/SyncPanelController.kt:267:57 Unnecessary safe call on a non-null receiver of type 'SyncConnection'.
w: file:///D:/Codex/worktrees/85be/mihon/data/src/commonMain/kotlin/mihon/data/sync/runtime/SyncRunStore.kt:207:59 Unnecessary non-null assertion (!!) on a non-null receiver of type 'Sync_runtime_runs'.
w: file:///D:/Codex/worktrees/85be/mihon/data/src/commonMain/kotlin/mihon/data/sync/runtime/SyncRunStore.kt:208:55 Unnecessary non-null assertion (!!) on a non-null receiver of type 'Sync_runtime_runs'.
w: file:///D:/Codex/worktrees/85be/mihon/data/src/commonMain/kotlin/mihon/data/sync/runtime/SyncRunStore.kt:209:59 Unnecessary non-null assertion (!!) on a non-null receiver of type 'Sync_runtime_runs'.
w: file:///D:/Codex/worktrees/85be/mihon/data/src/commonMain/kotlin/mihon/data/sync/runtime/SyncRunStore.kt:210:57 Unnecessary non-null assertion (!!) on a non-null receiver of type 'Sync_runtime_runs'.
w: file:///D:/Codex/worktrees/85be/mihon/data/src/commonMain/kotlin/mihon/data/sync/runtime/SyncRunStore.kt:211:56 Unnecessary non-null assertion (!!) on a non-null receiver of type 'Sync_runtime_runs'.
w: file:///D:/Codex/worktrees/85be/mihon/data/src/commonMain/kotlin/mihon/data/sync/transport/GitHubGitDatabaseClient.kt:149:45 Unnecessary non-null assertion (!!) on a non-null receiver of type 'CompletableDeferred<ByteArray>'.
w: file:///D:/Codex/worktrees/85be/mihon/data/src/commonMain/kotlin/mihon/data/sync/transport/GitHubGitDatabaseClient.kt:1501:17 Condition is always 'true'.
w: file:///D:/Codex/worktrees/85be/mihon/data/src/jvmMain/kotlin/mihon/data/sync/crypto/SyncAeadEngineFactoryJvm.kt:18:1 'expect'/'actual' classes (including interfaces, objects, annotations, enums, and 'actual' typealiases) are in Beta. Consider using the '-Xexpect-actual-classes' flag to suppress this warning. Also see: https://youtrack.jetbrains.com/issue/KT-61573
w: file:///D:/Codex/worktrees/85be/mihon/data/src/jvmMain/kotlin/mihon/data/sync/crypto/SyncAeadEngineFactoryJvm.kt:57:14 'fun <P : Any!> getPrimitive(targetClassObject: Class<P!>!): P!' is deprecated. Deprecated in Java.
w: file:///D:/Codex/worktrees/85be/mihon/data/src/jvmMain/kotlin/mihon/data/sync/crypto/SyncRecoveryFactoryJvm.kt:9:1 'expect'/'actual' classes (including interfaces, objects, annotations, enums, and 'actual' typealiases) are in Beta. Consider using the '-Xexpect-actual-classes' flag to suppress this warning. Also see: https://youtrack.jetbrains.com/issue/KT-61573
Finished executing kotlin compiler using DAEMON strategy
Stored cache entry for task ':data:compileKotlinJvm' with cache key 9f4fce4b9b68d5f4b509397df3bfc5cb
Resolve mutations for :data:compileJvmMainJava (Thread[#13710,Execution worker Thread 16,5,main]) started.
:data:compileJvmMainJava (Thread[#13710,Execution worker Thread 16,5,main]) started.

> Task :data:compileJvmMainJava NO-SOURCE
Skipping task ':data:compileJvmMainJava' as it has no source files and no previous output files.
Resolve mutations for :data:jvmMainClasses (Thread[#13710,Execution worker Thread 16,5,main]) started.
:data:jvmMainClasses (Thread[#13710,Execution worker Thread 16,5,main]) started.

> Task :data:jvmMainClasses
Skipping task ':data:jvmMainClasses' as it has no actions.
Resolve mutations for :data:jvmJar (Thread[#13710,Execution worker Thread 16,5,main]) started.
:data:jvmJar (Thread[#13710,Execution worker Thread 16,5,main]) started.

> Task :data:jvmJar
Caching disabled for task ':data:jvmJar' because:
  Not worth caching
Task ':data:jvmJar' is not up-to-date because:
  Input property 'rootSpec$1' file D:\Codex\worktrees\85be\mihon\data\build\classes\kotlin\jvm\main\mihon\data\sync\runtime\SyncRuntime$Companion.class has changed.
  Input property 'rootSpec$1' file D:\Codex\worktrees\85be\mihon\data\build\classes\kotlin\jvm\main\mihon\data\sync\runtime\SyncRuntime$acceptAuthorization$1.class has changed.
  Input property 'rootSpec$1' file D:\Codex\worktrees\85be\mihon\data\build\classes\kotlin\jvm\main\mihon\data\sync\runtime\SyncRuntime$accessToken$1.class has changed.
  and more...
file or directory 'D:\Codex\worktrees\85be\mihon\data\build\classes\java\jvmMain', not found
file or directory 'D:\Codex\worktrees\85be\mihon\data\build\processedResources\jvm\main', not found
work action resolve data-jvm.jar (project :data) (Thread[#13710,Execution worker Thread 16,5,main]) started.
Resolve mutations for :data:compileTestKotlinJvm (Thread[#13715,Execution worker Thread 20,5,main]) started.
Resolve mutations for :presentation-sync:compileKotlinJvm (Thread[#13710,Execution worker Thread 16,5,main]) started.
:data:compileTestKotlinJvm (Thread[#13715,Execution worker Thread 20,5,main]) started.
:presentation-sync:compileKotlinJvm (Thread[#13710,Execution worker Thread 16,5,main]) started.

> Task :presentation-sync:compileKotlinJvm
Build cache key for ClasspathEntrySnapshotTransform: D:\Codex\worktrees\85be\mihon\data\build\libs\data-jvm.jar is 16012cb9cba204ee426d81988f7662c6
Stored cache entry for ClasspathEntrySnapshotTransform: D:\Codex\worktrees\85be\mihon\data\build\libs\data-jvm.jar with cache key 16012cb9cba204ee426d81988f7662c6
Build cache key for task ':presentation-sync:compileKotlinJvm' is 5f19ace6c8e401e50319b5c704fda469
Task ':presentation-sync:compileKotlinJvm' is not up-to-date because:
  Input property 'classpathSnapshotProperties.classpathSnapshot' file C:\Users\feeli\.gradle\caches\8.14.4\transforms\359d81de10107f4b6cd40dd4f14a4b94\transformed\data-jvm_jar-snapshot.bin has been removed.
  Input property 'classpathSnapshotProperties.classpathSnapshot' file C:\Users\feeli\.gradle\caches\8.14.4\transforms\5e5a770c7ab5d16b879b1d3fc5189564\transformed\data-jvm_jar-snapshot.bin has been added.
file or directory 'D:\Codex\worktrees\85be\mihon\presentation-sync\src\jvmMain\java', not found
file or directory 'D:\Codex\worktrees\85be\mihon\presentation-sync\src\jvmMain\java', not found
file or directory 'D:\Codex\worktrees\85be\mihon\presentation-sync\src\jvmMain\java', not found
file or directory 'D:\Codex\worktrees\85be\mihon\presentation-sync\src\jvmMain\java', not found
file or directory 'D:\Codex\worktrees\85be\mihon\presentation-sync\src\jvmMain\java', not found
Kotlin source files: D:\Codex\worktrees\85be\mihon\presentation-sync\src\jvmMain\kotlin\mihon\presentation\sync\SyncLocalize.jvm.kt, D:\Codex\worktrees\85be\mihon\presentation-sync\src\commonMain\kotlin\mihon\presentation\sync\SyncLocalize.kt, D:\Codex\worktrees\85be\mihon\presentation-sync\src\commonMain\kotlin\mihon\presentation\sync\SyncPanelContent.kt
Java source files: 
Script source files: 
Script file extensions: 
file or directory 'D:\Codex\worktrees\85be\mihon\presentation-sync\src\jvmMain\java', not found
Using Kotlin/JVM incremental compilation
[KOTLIN] Kotlin compilation 'jdkHome' argument: C:\Program Files\Eclipse Adoptium\jdk-21.0.11.10-hotspot
Options for KOTLIN DAEMON: IncrementalCompilationOptions(super=CompilationOptions(compilerMode=INCREMENTAL_COMPILER, targetPlatform=JVM, reportCategories=[0, 3], reportSeverity=2, requestedCompilationResults=[0], kotlinScriptExtensions=[]), sourceChanges=org.jetbrains.kotlin.buildtools.api.SourcesChanges$Known@30f14739, classpathChanges=ToBeComputedByIncrementalCompiler, workingDir=D:\Codex\worktrees\85be\mihon\presentation-sync\build\kotlin\compileKotlinJvm\cacheable, multiModuleICSettings=MultiModuleICSettings(buildHistoryFile=D:\Codex\worktrees\85be\mihon\presentation-sync\build\kotlin\compileKotlinJvm\local-state\build-history.bin, useModuleDetection=false), icFeatures=IncrementalCompilationFeatures(usePreciseJavaTracking=true, withAbiSnapshot=false, preciseCompilationResultsBackup=true, keepIncrementalCompilationCachesInMemory=true, enableUnsafeIncrementalCompilationForMultiplatform=false, enableMonotonousIncrementalCompileSetExpansion=true), outputFiles=[D:\Codex\worktrees\85be\mihon\presentation-sync\build\classes\kotlin\jvm\main, D:\Codex\worktrees\85be\mihon\presentation-sync\build\kotlin\compileKotlinJvm\cacheable, D:\Codex\worktrees\85be\mihon\presentation-sync\build\kotlin\compileKotlinJvm\local-state])
Finished executing kotlin compiler using DAEMON strategy
Stored cache entry for task ':presentation-sync:compileKotlinJvm' with cache key 5f19ace6c8e401e50319b5c704fda469
Resolve mutations for :presentation-sync:compileJvmMainJava (Thread[#13710,Execution worker Thread 16,5,main]) started.
:presentation-sync:compileJvmMainJava (Thread[#13710,Execution worker Thread 16,5,main]) started.

> Task :presentation-sync:compileJvmMainJava NO-SOURCE
Skipping task ':presentation-sync:compileJvmMainJava' as it has no source files and no previous output files.
Resolve mutations for :presentation-sync:jvmMainClasses (Thread[#13710,Execution worker Thread 16,5,main]) started.
:presentation-sync:jvmMainClasses (Thread[#13713,Execution worker Thread 18,5,main]) started.

> Task :presentation-sync:jvmMainClasses
Skipping task ':presentation-sync:jvmMainClasses' as it has no actions.
Resolve mutations for :presentation-sync:jvmJar (Thread[#13713,Execution worker Thread 18,5,main]) started.
:presentation-sync:jvmJar (Thread[#13694,included builds,5,main]) started.

> Task :presentation-sync:jvmJar UP-TO-DATE
Caching disabled for task ':presentation-sync:jvmJar' because:
  Not worth caching
Skipping task ':presentation-sync:jvmJar' as it is up-to-date.
Resolve mutations for :presentation-sync:compileTestKotlinJvm (Thread[#13694,included builds,5,main]) started.
:presentation-sync:compileTestKotlinJvm (Thread[#13694,included builds,5,main]) started.

> Task :presentation-sync:compileTestKotlinJvm
Build cache key for task ':presentation-sync:compileTestKotlinJvm' is 55f7ebc0094f268aeb308aed2f0a735a
Task ':presentation-sync:compileTestKotlinJvm' is not up-to-date because:
  Input property 'classpathSnapshotProperties.classpathSnapshot' file C:\Users\feeli\.gradle\caches\8.14.4\transforms\359d81de10107f4b6cd40dd4f14a4b94\transformed\data-jvm_jar-snapshot.bin has been removed.
  Input property 'classpathSnapshotProperties.classpathSnapshot' file C:\Users\feeli\.gradle\caches\8.14.4\transforms\5e5a770c7ab5d16b879b1d3fc5189564\transformed\data-jvm_jar-snapshot.bin has been added.
file or directory 'D:\Codex\worktrees\85be\mihon\presentation-sync\src\jvmTest\java', not found
file or directory 'D:\Codex\worktrees\85be\mihon\presentation-sync\src\commonTest\kotlin', not found
file or directory 'D:\Codex\worktrees\85be\mihon\presentation-sync\src\jvmTest\java', not found
file or directory 'D:\Codex\worktrees\85be\mihon\presentation-sync\src\commonTest\kotlin', not found
file or directory 'D:\Codex\worktrees\85be\mihon\presentation-sync\src\jvmTest\java', not found
file or directory 'D:\Codex\worktrees\85be\mihon\presentation-sync\src\commonTest\kotlin', not found
file or directory 'D:\Codex\worktrees\85be\mihon\presentation-sync\src\jvmTest\java', not found
file or directory 'D:\Codex\worktrees\85be\mihon\presentation-sync\src\commonTest\kotlin', not found
file or directory 'D:\Codex\worktrees\85be\mihon\presentation-sync\src\jvmTest\java', not found
file or directory 'D:\Codex\worktrees\85be\mihon\presentation-sync\src\commonTest\kotlin', not found
Kotlin source files: D:\Codex\worktrees\85be\mihon\presentation-sync\src\jvmTest\kotlin\mihon\presentation\sync\SyncPanelContentTest.kt, D:\Codex\worktrees\85be\mihon\presentation-sync\src\jvmTest\kotlin\mihon\presentation\sync\SyncPanelOnboardingIntegrationTest.kt
Java source files: 
Script source files: 
Script file extensions: 
file or directory 'D:\Codex\worktrees\85be\mihon\presentation-sync\src\jvmTest\java', not found
file or directory 'D:\Codex\worktrees\85be\mihon\presentation-sync\src\commonTest\kotlin', not found
Using Kotlin/JVM incremental compilation
[KOTLIN] Kotlin compilation 'jdkHome' argument: C:\Program Files\Eclipse Adoptium\jdk-21.0.11.10-hotspot
Options for KOTLIN DAEMON: IncrementalCompilationOptions(super=CompilationOptions(compilerMode=INCREMENTAL_COMPILER, targetPlatform=JVM, reportCategories=[0, 3], reportSeverity=2, requestedCompilationResults=[0], kotlinScriptExtensions=[]), sourceChanges=org.jetbrains.kotlin.buildtools.api.SourcesChanges$Known@36934b83, classpathChanges=ToBeComputedByIncrementalCompiler, workingDir=D:\Codex\worktrees\85be\mihon\presentation-sync\build\kotlin\compileTestKotlinJvm\cacheable, multiModuleICSettings=MultiModuleICSettings(buildHistoryFile=D:\Codex\worktrees\85be\mihon\presentation-sync\build\kotlin\compileTestKotlinJvm\local-state\build-history.bin, useModuleDetection=false), icFeatures=IncrementalCompilationFeatures(usePreciseJavaTracking=true, withAbiSnapshot=false, preciseCompilationResultsBackup=true, keepIncrementalCompilationCachesInMemory=true, enableUnsafeIncrementalCompilationForMultiplatform=false, enableMonotonousIncrementalCompileSetExpansion=true), outputFiles=[D:\Codex\worktrees\85be\mihon\presentation-sync\build\classes\kotlin\jvm\test, D:\Codex\worktrees\85be\mihon\presentation-sync\build\kotlin\compileTestKotlinJvm\cacheable, D:\Codex\worktrees\85be\mihon\presentation-sync\build\kotlin\compileTestKotlinJvm\local-state])
Finished executing kotlin compiler using DAEMON strategy
Stored cache entry for task ':presentation-sync:compileTestKotlinJvm' with cache key 55f7ebc0094f268aeb308aed2f0a735a
Resolve mutations for :presentation-sync:compileJvmTestJava (Thread[#13694,included builds,5,main]) started.
:presentation-sync:compileJvmTestJava (Thread[#13706,Execution worker Thread 12,5,main]) started.

> Task :presentation-sync:compileJvmTestJava NO-SOURCE
Skipping task ':presentation-sync:compileJvmTestJava' as it has no source files and no previous output files.
Resolve mutations for :presentation-sync:jvmTestClasses (Thread[#13706,Execution worker Thread 12,5,main]) started.
:presentation-sync:jvmTestClasses (Thread[#13706,Execution worker Thread 12,5,main]) started.

> Task :presentation-sync:jvmTestClasses
Skipping task ':presentation-sync:jvmTestClasses' as it has no actions.
Resolve mutations for :presentation-sync:jvmTest (Thread[#13720,Execution worker Thread 25,5,main]) started.
:presentation-sync:jvmTest (Thread[#13708,Execution worker Thread 14,5,main]) started.
Gradle Test Executor 31 started executing tests.

> Task :data:compileTestKotlinJvm
Build cache key for ClasspathEntrySnapshotTransform: D:\Codex\worktrees\85be\mihon\data\build\classes\kotlin\jvm\main is 56beb489d1c86e99d2ceb7ece729d6ee
Stored cache entry for ClasspathEntrySnapshotTransform: D:\Codex\worktrees\85be\mihon\data\build\classes\kotlin\jvm\main with cache key 56beb489d1c86e99d2ceb7ece729d6ee
Build cache key for task ':data:compileTestKotlinJvm' is d11f166252cdf0890e41f2aaea0a4b2a
Task ':data:compileTestKotlinJvm' is not up-to-date because:
  Input property 'commonSourceSet$kotlin_gradle_plugin_common' file D:\Codex\worktrees\85be\mihon\data\src\commonTest\kotlin\mihon\data\sync\SyncGitSafetyContractTest.kt has changed.
  Input property 'commonSourceSet$kotlin_gradle_plugin_common' file D:\Codex\worktrees\85be\mihon\data\src\commonTest\kotlin\mihon\data\sync\SyncInboxStorageContract.kt has changed.
  Input property 'multiplatformStructure.fragments.$0.sources' file D:\Codex\worktrees\85be\mihon\data\src\jvmTest\kotlin\mihon\data\sync\SyncFaultInterleavingAcceptanceTest.kt has changed.
  and more...
file or directory 'D:\Codex\worktrees\85be\mihon\data\src\jvmTest\java', not found
file or directory 'D:\Codex\worktrees\85be\mihon\data\src\jvmTest\java', not found
file or directory 'D:\Codex\worktrees\85be\mihon\data\src\jvmTest\java', not found
file or directory 'D:\Codex\worktrees\85be\mihon\data\src\jvmTest\java', not found
file or directory 'D:\Codex\worktrees\85be\mihon\data\src\jvmTest\java', not found
Kotlin source files: D:\Codex\worktrees\85be\mihon\data\src\jvmTest\kotlin\mihon\data\repository\ExtensionRepoRepositoryPersistenceTest.kt, D:\Codex\worktrees\85be\mihon\data\src\jvmTest\kotlin\mihon\data\repository\JvmExtensionRepoStorageContractTest.kt, D:\Codex\worktrees\85be\mihon\data\src\jvmTest\kotlin\mihon\data\sync\GitHubRetryAfterIntegrationTest.kt, D:\Codex\worktrees\85be\mihon\data\src\jvmTest\kotlin\mihon\data\sync\JvmSyncBackupRestoreContractTest.kt, D:\Codex\worktrees\85be\mihon\data\src\jvmTest\kotlin\mihon\data\sync\JvmSyncBaselineStorageContractTest.kt, D:\Codex\worktrees\85be\mihon\data\src\jvmTest\kotlin\mihon\data\sync\JvmSyncCreatorJournalContractTest.kt, D:\Codex\worktrees\85be\mihon\data\src\jvmTest\kotlin\mihon\data\sync\JvmSyncHistorySuppressionContractTest.kt, D:\Codex\worktrees\85be\mihon\data\src\jvmTest\kotlin\mihon\data\sync\JvmSyncInboxStorageContractTest.kt, D:\Codex\worktrees\85be\mihon\data\src\jvmTest\kotlin\mihon\data\sync\JvmSyncJournalStorageContractTest.kt, D:\Codex\worktrees\85be\mihon\data\src\jvmTest\kotlin\mihon\data\sync\JvmSyncOutboxStorageContractTest.kt, D:\Codex\worktrees\85be\mihon\data\src\jvmTest\kotlin\mihon\data\sync\JvmSyncPanelStorageContractTest.kt, D:\Codex\worktrees\85be\mihon\data\src\jvmTest\kotlin\mihon\data\sync\JvmSyncReadingStorageContractTest.kt, D:\Codex\worktrees\85be\mihon\data\src\jvmTest\kotlin\mihon\data\sync\JvmSyncRemoteProjectionContractTest.kt, D:\Codex\worktrees\85be\mihon\data\src\jvmTest\kotlin\mihon\data\sync\JvmSyncRemoteSnapshotGuardContractTest.kt, D:\Codex\worktrees\85be\mihon\data\src\jvmTest\kotlin\mihon\data\sync\JvmSyncRuntimeStorageContractTest.kt, D:\Codex\worktrees\85be\mihon\data\src\jvmTest\kotlin\mihon\data\sync\SyncBlobCacheOwnerMutexRaceTest.kt, D:\Codex\worktrees\85be\mihon\data\src\jvmTest\kotlin\mihon\data\sync\SyncDatabaseExchangeHistoricalLookupTest.kt, D:\Codex\worktrees\85be\mihon\data\src\jvmTest\kotlin\mihon\data\sync\SyncDirtyFieldsQueryPlanTest.kt, D:\Codex\worktrees\85be\mihon\data\src\jvmTest\kotlin\mihon\data\sync\SyncDiscoveryStoreTest.kt, D:\Codex\worktrees\85be\mihon\data\src\jvmTest\kotlin\mihon\data\sync\SyncFaultInterleavingAcceptanceTest.kt, D:\Codex\worktrees\85be\mihon\data\src\jvmTest\kotlin\mihon\data\sync\SyncGitIndexLimitIntegrationTest.kt, D:\Codex\worktrees\85be\mihon\data\src\jvmTest\kotlin\mihon\data\sync\SyncGitTreeAccumulatorIntegrationTest.kt, D:\Codex\worktrees\85be\mihon\data\src\jvmTest\kotlin\mihon\data\sync\SyncGitTreeBoundsIntegrationTest.kt, D:\Codex\worktrees\85be\mihon\data\src\jvmTest\kotlin\mihon\data\sync\SyncGitTreeCacheFailureIntegrationTest.kt, D:\Codex\worktrees\85be\mihon\data\src\jvmTest\kotlin\mihon\data\sync\SyncGitTreeSingleFlightIntegrationTest.kt, D:\Codex\worktrees\85be\mihon\data\src\jvmTest\kotlin\mihon\data\sync\SyncHttpRequestGateIntegrationTest.kt, D:\Codex\worktrees\85be\mihon\data\src\jvmTest\kotlin\mihon\data\sync\SyncHttpResponseBoundaryIntegrationTest.kt, D:\Codex\worktrees\85be\mihon\data\src\jvmTest\kotlin\mihon\data\sync\SyncPersistentGitObjectCacheComplexityTest.kt, D:\Codex\worktrees\85be\mihon\data\src\jvmTest\kotlin\mihon\data\sync\SyncPersistentGitObjectCacheIntegrationTest.kt, D:\Codex\worktrees\85be\mihon\data\src\jvmTest\kotlin\mihon\data\sync\SyncPersistentGitObjectCacheTest.kt, D:\Codex\worktrees\85be\mihon\data\src\jvmTest\kotlin\mihon\data\sync\SyncRunStoreTest.kt, D:\Codex\worktrees\85be\mihon\data\src\jvmTest\kotlin\mihon\data\sync\SyncRuntimeRestartRecoveryAcceptanceTest.kt, D:\Codex\worktrees\85be\mihon\data\src\jvmTest\kotlin\mihon\data\sync\SyncRuntimeWiringTest.kt, D:\Codex\worktrees\85be\mihon\data\src\jvmTest\kotlin\mihon\data\sync\SyncScaleAcceptanceTest.kt, D:\Codex\worktrees\85be\mihon\data\src\jvmTest\kotlin\tachiyomi\data\backup\AuthorArchiveBackupContributorTest.kt, D:\Codex\worktrees\85be\mihon\data\src\jvmTest\kotlin\tachiyomi\data\creator\CreatorArchiveLegacyBridgeTest.kt, D:\Codex\worktrees\85be\mihon\data\src\jvmTest\kotlin\tachiyomi\data\creator\CreatorArchiveMigration15Test.kt, D:\Codex\worktrees\85be\mihon\data\src\jvmTest\kotlin\tachiyomi\data\creator\CreatorArchiveMigration16Test.kt, D:\Codex\worktrees\85be\mihon\data\src\jvmTest\kotlin\tachiyomi\data\creator\CreatorArchivePerformanceContractTest.kt, D:\Codex\worktrees\85be\mihon\data\src\jvmTest\kotlin\tachiyomi\data\creator\CreatorArchiveV15FixtureContractTest.kt, D:\Codex\worktrees\85be\mihon\data\src\jvmTest\kotlin\tachiyomi\data\creator\CreatorDiscoveryExecutorStateMachineTest.kt, D:\Codex\worktrees\85be\mihon\data\src\jvmTest\kotlin\tachiyomi\data\creator\CreatorExactIdentityMigration26Test.kt, D:\Codex\worktrees\85be\mihon\data\src\jvmTest\kotlin\tachiyomi\data\creator\CreatorIdentityEditingTest.kt, D:\Codex\worktrees\85be\mihon\data\src\jvmTest\kotlin\tachiyomi\data\creator\CreatorLibraryIndexRepositoryTest.kt, D:\Codex\worktrees\85be\mihon\data\src\jvmTest\kotlin\tachiyomi\data\creator\CreatorRepositoryImplTest.kt, D:\Codex\worktrees\85be\mihon\data\src\jvmTest\kotlin\tachiyomi\data\DatabaseMigrationCompatibilityTest.kt, D:\Codex\worktrees\85be\mihon\data\src\jvmTest\kotlin\tachiyomi\data\DatabaseVersion11MigrationTest.kt, D:\Codex\worktrees\85be\mihon\data\src\jvmTest\kotlin\tachiyomi\data\extension\JvmSourceUpdateMemoPersistenceIntegrationTest.kt, D:\Codex\worktrees\85be\mihon\data\src\jvmTest\kotlin\tachiyomi\data\JvmDatabaseHandlerTest.kt, D:\Codex\worktrees\85be\mihon\data\src\jvmTest\kotlin\tachiyomi\data\manga\MangaRepositoryCreatorIndexIntegrationTest.kt, D:\Codex\worktrees\85be\mihon\data\src\jvmTest\kotlin\tachiyomi\data\manga\MangaRepositoryMembershipIntegrationTest.kt, D:\Codex\worktrees\85be\mihon\data\src\jvmTest\kotlin\tachiyomi\data\reader\SqlDelightReadingProgressRepositoryTest.kt, D:\Codex\worktrees\85be\mihon\data\src\jvmTest\kotlin\tachiyomi\data\release\DesktopPlatformInfoTest.kt, D:\Codex\worktrees\85be\mihon\data\src\jvmTest\kotlin\tachiyomi\data\release\ReleaseServiceImplTest.kt, D:\Codex\worktrees\85be\mihon\data\src\creatorEntryContract\kotlin\tachiyomi\data\creator\CreatorFrequencyBackupContract.kt, D:\Codex\worktrees\85be\mihon\data\src\creatorEntryContract\kotlin\tachiyomi\data\creator\CreatorGlobalScheduleContract.kt, D:\Codex\worktrees\85be\mihon\data\src\creatorEntryContract\kotlin\tachiyomi\data\creator\CreatorIdentityBackupContract.kt, D:\Codex\worktrees\85be\mihon\data\src\creatorEntryContract\kotlin\tachiyomi\data\creator\CreatorIdentityEditorContract.kt, D:\Codex\worktrees\85be\mihon\data\src\creatorEntryContract\kotlin\tachiyomi\data\creator\ExactCreatorEntryContract.kt, D:\Codex\worktrees\85be\mihon\data\src\commonTest\kotlin\mihon\data\repository\ExtensionRepoStorageContract.kt, D:\Codex\worktrees\85be\mihon\data\src\commonTest\kotlin\mihon\data\sync\AuthProtocolContractTest.kt, D:\Codex\worktrees\85be\mihon\data\src\commonTest\kotlin\mihon\data\sync\AuthRepositoryContractTest.kt, D:\Codex\worktrees\85be\mihon\data\src\commonTest\kotlin\mihon\data\sync\SyncAuthorizationSafetyContractTest.kt, D:\Codex\worktrees\85be\mihon\data\src\commonTest\kotlin\mihon\data\sync\SyncBackupRestoreContract.kt, D:\Codex\worktrees\85be\mihon\data\src\commonTest\kotlin\mihon\data\sync\SyncBaselineStorageContract.kt, D:\Codex\worktrees\85be\mihon\data\src\commonTest\kotlin\mihon\data\sync\SyncCreatorJournalContract.kt, D:\Codex\worktrees\85be\mihon\data\src\commonTest\kotlin\mihon\data\sync\SyncCryptoSafetyContractTest.kt, D:\Codex\worktrees\85be\mihon\data\src\commonTest\kotlin\mihon\data\sync\SyncGitSafetyContractTest.kt, D:\Codex\worktrees\85be\mihon\data\src\commonTest\kotlin\mihon\data\sync\SyncHistorySuppressionContract.kt, D:\Codex\worktrees\85be\mihon\data\src\commonTest\kotlin\mihon\data\sync\SyncHttpSafetyContractTest.kt, D:\Codex\worktrees\85be\mihon\data\src\commonTest\kotlin\mihon\data\sync\SyncInboxStorageContract.kt, D:\Codex\worktrees\85be\mihon\data\src\commonTest\kotlin\mihon\data\sync\SyncJournalStorageContract.kt, D:\Codex\worktrees\85be\mihon\data\src\commonTest\kotlin\mihon\data\sync\SyncOnboardingFixture.kt, D:\Codex\worktrees\85be\mihon\data\src\commonTest\kotlin\mihon\data\sync\SyncOutboxStorageContract.kt, D:\Codex\worktrees\85be\mihon\data\src\commonTest\kotlin\mihon\data\sync\SyncPanelStorageContract.kt, D:\Codex\worktrees\85be\mihon\data\src\commonTest\kotlin\mihon\data\sync\SyncReadingStorageContract.kt, D:\Codex\worktrees\85be\mihon\data\src\commonTest\kotlin\mihon\data\sync\SyncRemoteProjectionContract.kt, D:\Codex\worktrees\85be\mihon\data\src\commonTest\kotlin\mihon\data\sync\SyncRemoteSnapshotGuardContract.kt, D:\Codex\worktrees\85be\mihon\data\src\commonTest\kotlin\mihon\data\sync\SyncRuntimeStorageContract.kt, D:\Codex\worktrees\85be\mihon\data\src\commonTest\kotlin\mihon\data\sync\SyncS2ContractTest.kt, D:\Codex\worktrees\85be\mihon\data\src\commonTest\kotlin\mihon\data\sync\SyncSecureProcessLockTest.kt, D:\Codex\worktrees\85be\mihon\data\src\commonTest\kotlin\mihon\data\sync\SyncSecureStorageContractTest.kt, D:\Codex\worktrees\85be\mihon\data\src\commonTest\kotlin\mihon\data\sync\SyncSpaceContractTest.kt, D:\Codex\worktrees\85be\mihon\data\src\commonTest\kotlin\mihon\data\sync\SyncSpaceDiscoveryContractTest.kt, D:\Codex\worktrees\85be\mihon\data\src\commonTest\kotlin\mihon\data\sync\SyncSpaceTransportContractTest.kt, D:\Codex\worktrees\85be\mihon\data\src\commonTest\kotlin\tachiyomi\data\backup\BackupCodecContractTest.kt, D:\Codex\worktrees\85be\mihon\data\src\commonTest\kotlin\tachiyomi\data\extension\SourceUpdateMemoPersistenceIntegrationTest.kt
Java source files: 
Script source files: 
Script file extensions: 
file or directory 'D:\Codex\worktrees\85be\mihon\data\src\jvmTest\java', not found
Using Kotlin/JVM incremental compilation
[KOTLIN] Kotlin compilation 'jdkHome' argument: C:\Program Files\Eclipse Adoptium\jdk-21.0.11.10-hotspot
Options for KOTLIN DAEMON: IncrementalCompilationOptions(super=CompilationOptions(compilerMode=INCREMENTAL_COMPILER, targetPlatform=JVM, reportCategories=[0, 3], reportSeverity=2, requestedCompilationResults=[0], kotlinScriptExtensions=[]), sourceChanges=org.jetbrains.kotlin.buildtools.api.SourcesChanges$Known@1515cc92, classpathChanges=NoChanges, workingDir=D:\Codex\worktrees\85be\mihon\data\build\kotlin\compileTestKotlinJvm\cacheable, multiModuleICSettings=MultiModuleICSettings(buildHistoryFile=D:\Codex\worktrees\85be\mihon\data\build\kotlin\compileTestKotlinJvm\local-state\build-history.bin, useModuleDetection=false), icFeatures=IncrementalCompilationFeatures(usePreciseJavaTracking=true, withAbiSnapshot=false, preciseCompilationResultsBackup=true, keepIncrementalCompilationCachesInMemory=true, enableUnsafeIncrementalCompilationForMultiplatform=false, enableMonotonousIncrementalCompileSetExpansion=true), outputFiles=[D:\Codex\worktrees\85be\mihon\data\build\classes\kotlin\jvm\test, D:\Codex\worktrees\85be\mihon\data\build\kotlin\compileTestKotlinJvm\cacheable, D:\Codex\worktrees\85be\mihon\data\build\kotlin\compileTestKotlinJvm\local-state])

Gradle Test Executor 31 finished executing tests.

> Task :presentation-sync:jvmTest
Build cache key for task ':presentation-sync:jvmTest' is 23f16b530515f64a6e6feb736253606d
Task ':presentation-sync:jvmTest' is not up-to-date because:
  Value of input property 'filter.commandLineIncludePatterns' has changed for task ':presentation-sync:jvmTest'
file or directory 'D:\Codex\worktrees\85be\mihon\presentation-sync\build\classes\java\jvmTest', not found
Starting process 'Gradle Test Executor 31'. Working directory: D:\Codex\worktrees\85be\mihon\presentation-sync Command: C:\Program Files\Eclipse Adoptium\jdk-21.0.11.10-hotspot\bin\java.exe -Dorg.gradle.internal.worker.tmpdir=D:\Codex\worktrees\85be\mihon\presentation-sync\build\tmp\jvmTest\work @C:\Users\feeli\.gradle\.tmp\gradle-worker-classpath15098356896829356825txt -Xmx512m -Dfile.encoding=UTF-8 -Duser.country=CN -Duser.language=zh -Duser.variant -ea worker.org.gradle.process.internal.worker.GradleWorkerMain 'Gradle Test Executor 31'
Successfully started process 'Gradle Test Executor 31'
Finished generating test XML results (0.001 secs) into: D:\Codex\worktrees\85be\mihon\presentation-sync\build\test-results\jvmTest
Generating HTML test report...
Finished generating test html results (0.004 secs) into: D:\Codex\worktrees\85be\mihon\presentation-sync\build\reports\tests\jvmTest
Stored cache entry for task ':presentation-sync:jvmTest' with cache key 23f16b530515f64a6e6feb736253606d

> Task :data:compileTestKotlinJvm
w: file:///D:/Codex/worktrees/85be/mihon/data/src/jvmTest/kotlin/mihon/data/sync/SyncDatabaseExchangeHistoricalLookupTest.kt:180:52 Unchecked cast of 'Any!' to 'List<SyncGitTreeEntry>'.
w: file:///D:/Codex/worktrees/85be/mihon/data/src/jvmTest/kotlin/mihon/data/sync/SyncScaleAcceptanceTest.kt:1087:13 Delegated member 'fun Connection.beginTransaction(): Unit' hides supertype override 'fun Connection.beginTransaction(): Unit'. Specify proper override explicitly.
w: file:///D:/Codex/worktrees/85be/mihon/data/src/jvmTest/kotlin/mihon/data/sync/SyncScaleAcceptanceTest.kt:1087:13 Delegated member 'fun Connection.rollbackTransaction(): Unit' hides supertype override 'fun Connection.rollbackTransaction(): Unit'. Specify proper override explicitly.
w: file:///D:/Codex/worktrees/85be/mihon/data/src/jvmTest/kotlin/mihon/data/sync/SyncScaleAcceptanceTest.kt:1087:13 Delegated member 'var transaction: ConnectionManager.Transaction?' hides supertype override 'var transaction: ConnectionManager.Transaction?'. Specify proper override explicitly.
Finished executing kotlin compiler using DAEMON strategy
Stored cache entry for task ':data:compileTestKotlinJvm' with cache key d11f166252cdf0890e41f2aaea0a4b2a
Resolve mutations for :data:compileJvmTestJava (Thread[#13715,Execution worker Thread 20,5,main]) started.
:data:compileJvmTestJava (Thread[#13715,Execution worker Thread 20,5,main]) started.

> Task :data:compileJvmTestJava NO-SOURCE
Skipping task ':data:compileJvmTestJava' as it has no source files and no previous output files.
Resolve mutations for :data:jvmTestClasses (Thread[#13715,Execution worker Thread 20,5,main]) started.
:data:jvmTestClasses (Thread[#13696,Execution worker Thread 2,5,main]) started.

> Task :data:jvmTestClasses
Skipping task ':data:jvmTestClasses' as it has no actions.
Resolve mutations for :data:jvmTest (Thread[#13696,Execution worker Thread 2,5,main]) started.
:data:jvmTest (Thread[#13696,Execution worker Thread 2,5,main]) started.
Gradle Test Executor 32 started executing tests.

> Task :data:jvmTest
Build cache key for task ':data:jvmTest' is 078fe7d91be317b073c30c660664b6e4
Task ':data:jvmTest' is not up-to-date because:
  Value of input property 'filter.commandLineIncludePatterns' has changed for task ':data:jvmTest'
file or directory 'D:\Codex\worktrees\85be\mihon\data\build\classes\java\jvmTest', not found
Starting process 'Gradle Test Executor 32'. Working directory: D:\Codex\worktrees\85be\mihon\data Command: C:\Program Files\Eclipse Adoptium\jdk-21.0.11.10-hotspot\bin\java.exe -Dorg.gradle.internal.worker.tmpdir=D:\Codex\worktrees\85be\mihon\data\build\tmp\jvmTest\work @C:\Users\feeli\.gradle\.tmp\gradle-worker-classpath15357551680554295848txt -Xmx512m -Dfile.encoding=UTF-8 -Duser.country=CN -Duser.language=zh -Duser.variant -ea worker.org.gradle.process.internal.worker.GradleWorkerMain 'Gradle Test Executor 32'
Successfully started process 'Gradle Test Executor 32'

ExtensionRepoRepositoryPersistenceTest[jvm] > equivalent signing key spellings still require repository replacement confirmation()[jvm] STANDARD_ERROR
    WARNING: A Java agent has been loaded dynamically (C:\Users\feeli\.gradle\caches\modules-2\files-2.1\net.bytebuddy\byte-buddy-agent\1.18.2\62f38a6faf7f069d661b79a07d566f504b0b20c4\byte-buddy-agent-1.18.2.jar)
    WARNING: If a serviceability tool is in use, please run with -XX:+EnableDynamicAgentLoading to hide this warning
    WARNING: If a serviceability tool is not in use, please run with -Djdk.instrument.traceUsage for more information
    WARNING: Dynamic loading of agents will be disallowed by default in a future release

OpenJDK 64-Bit Server VM warning: Sharing is only supported for boot loader classes because bootstrap classpath has been appended

> Task :data:jvmTest

ExtensionRepoRepositoryPersistenceTest[jvm] > real HTTP discovery duplicate migration and reopen retain repository identity()[jvm] STANDARD_ERROR
    [DispatchedCoroutine] Repository metadata request failed with HTTP 500
    eu.kanade.tachiyomi.network.HttpException: HTTP error 500
    	at mihon.domain.extensionrepo.service.ExtensionRepoService$fetchRepoDetailsResult$2.invokeSuspend$fetch(ExtensionRepoService.kt:49)
    	at mihon.domain.extensionrepo.service.ExtensionRepoService$fetchRepoDetailsResult$2.invokeSuspend(ExtensionRepoService.kt:51)
    	at kotlin.coroutines.jvm.internal.BaseContinuationImpl.resumeWith(ContinuationImpl.kt:34)
    	at kotlinx.coroutines.DispatchedTask.run(DispatchedTask.kt:100)
    	at kotlinx.coroutines.internal.LimitedDispatcher$Worker.run(LimitedDispatcher.kt:124)
    	at kotlinx.coroutines.scheduling.TaskImpl.run(Tasks.kt:89)
    	at kotlinx.coroutines.scheduling.CoroutineScheduler.runSafely(CoroutineScheduler.kt:586)
    	at kotlinx.coroutines.scheduling.CoroutineScheduler$Worker.executeTask(CoroutineScheduler.kt:820)
    	at kotlinx.coroutines.scheduling.CoroutineScheduler$Worker.runWorker(CoroutineScheduler.kt:717)
    	at kotlinx.coroutines.scheduling.CoroutineScheduler$Worker.run(CoroutineScheduler.kt:704)


JvmSyncHistorySuppressionContractTest[jvm] > failed suppression write cannot clear business history()[jvm] STANDARD_ERROR
    [HistoryRepositoryImpl] org.sqlite.SQLiteException: [SQLITE_CONSTRAINT_TRIGGER] A RAISE function within a trigger fired, causing the SQL statement to abort (injected)
    	at org.sqlite.core.DB.newSQLException(DB.java:1179)
    	at org.sqlite.core.DB.newSQLException(DB.java:1190)
    	at org.sqlite.core.DB.execute(DB.java:985)
    	at org.sqlite.jdbc3.JDBC3PreparedStatement.lambda$execute$0(JDBC3PreparedStatement.java:59)
    	at org.sqlite.jdbc3.JDBC3Statement.withConnectionTimeout(JDBC3Statement.java:458)
    	at org.sqlite.jdbc3.JDBC3PreparedStatement.execute(JDBC3PreparedStatement.java:53)
    	at app.cash.sqldelight.driver.jdbc.JdbcPreparedStatement.execute(JdbcDriver.kt:296)
    	at app.cash.sqldelight.driver.jdbc.JdbcDriver.execute(JdbcDriver.kt:142)
    	at tachiyomi.data.Sync_historyQueries.recordClear(Sync_historyQueries.kt:81)
    	at mihon.data.sync.inbox.SyncHistoryPolicyKt.recordHistoryClear(SyncHistoryPolicy.kt:54)
    	at mihon.data.sync.inbox.SyncHistoryPolicyKt.suppressSyncChapterHistory(SyncHistoryPolicy.kt:36)
    	at tachiyomi.data.history.HistoryRepositoryImpl$resetHistory$2.invokeSuspend(HistoryRepositoryImpl.kt:42)
    	at tachiyomi.data.history.HistoryRepositoryImpl$resetHistory$2.invoke(HistoryRepositoryImpl.kt)
    	at tachiyomi.data.history.HistoryRepositoryImpl$resetHistory$2.invoke(HistoryRepositoryImpl.kt)
    	at tachiyomi.data.JvmDatabaseHandler$dispatch$2.invokeSuspend(JvmDatabaseHandler.kt:87)
    	at tachiyomi.data.JvmDatabaseHandler$dispatch$2.invoke(JvmDatabaseHandler.kt)
    	at tachiyomi.data.JvmDatabaseHandler$dispatch$2.invoke(JvmDatabaseHandler.kt)
    	at tachiyomi.data.JvmTransactionContextKt$runTransaction$2$1$1.invokeSuspend(JvmTransactionContext.kt:52)
    	at kotlin.coroutines.jvm.internal.BaseContinuationImpl.resumeWith(ContinuationImpl.kt:34)
    	at kotlinx.coroutines.DispatchedTask.run(DispatchedTask.kt:100)
    	at kotlinx.coroutines.EventLoopImplBase.processNextEvent(EventLoop.common.kt:263)
    	at kotlinx.coroutines.BlockingCoroutine.joinBlocking(Builders.kt:94)
    	at kotlinx.coroutines.BuildersKt__BuildersKt.runBlocking(Builders.kt:70)
    	at kotlinx.coroutines.BuildersKt.runBlocking(Unknown Source)
    	at tachiyomi.data.JvmTransactionContextKt$runTransaction$2.invokeSuspend$lambda$0(JvmTransactionContext.kt:51)
    	at app.cash.sqldelight.TransacterImpl.transactionWithWrapper(Transacter.kt:374)
    	at app.cash.sqldelight.TransacterImpl.transactionWithResult(Transacter.kt:360)
    	at app.cash.sqldelight.Transacter$DefaultImpls.transactionWithResult$default(Transacter.kt:83)
    	at tachiyomi.data.JvmTransactionContextKt$runTransaction$2.invokeSuspend(JvmTransactionContext.kt:50)
    	at kotlin.coroutines.jvm.internal.BaseContinuationImpl.resumeWith(ContinuationImpl.kt:34)
    	at kotlinx.coroutines.DispatchedTask.run(DispatchedTask.kt:100)
    	at kotlinx.coroutines.EventLoopImplBase.processNextEvent(EventLoop.common.kt:263)
    	at kotlinx.coroutines.BlockingCoroutine.joinBlocking(Builders.kt:94)
    	at kotlinx.coroutines.BuildersKt__BuildersKt.runBlocking(Builders.kt:70)
    	at kotlinx.coroutines.BuildersKt.runBlocking(Unknown Source)
    	at kotlinx.coroutines.BuildersKt__BuildersKt.runBlocking$default(Builders.kt:48)
    	at kotlinx.coroutines.BuildersKt.runBlocking$default(Unknown Source)
    	at tachiyomi.data.JvmTransactionContextKt$acquireTransactionThread$2$2.run(JvmTransactionContext.kt:73)
    	at kotlinx.coroutines.internal.LimitedDispatcher$Worker.run(LimitedDispatcher.kt:124)
    	at kotlinx.coroutines.scheduling.TaskImpl.run(Tasks.kt:89)
    	at kotlinx.coroutines.scheduling.CoroutineScheduler.runSafely(CoroutineScheduler.kt:586)
    	at kotlinx.coroutines.scheduling.CoroutineScheduler$Worker.executeTask(CoroutineScheduler.kt:820)
    	at kotlinx.coroutines.scheduling.CoroutineScheduler$Worker.runWorker(CoroutineScheduler.kt:717)
    	at kotlinx.coroutines.scheduling.CoroutineScheduler$Worker.run(CoroutineScheduler.kt:704)

    [HistoryRepositoryImpl] org.sqlite.SQLiteException: [SQLITE_CONSTRAINT_TRIGGER] A RAISE function within a trigger fired, causing the SQL statement to abort (injected)
    	at org.sqlite.core.DB.newSQLException(DB.java:1179)
    	at org.sqlite.core.DB.newSQLException(DB.java:1190)
    	at org.sqlite.core.DB.execute(DB.java:985)
    	at org.sqlite.jdbc3.JDBC3PreparedStatement.lambda$execute$0(JDBC3PreparedStatement.java:59)
    	at org.sqlite.jdbc3.JDBC3Statement.withConnectionTimeout(JDBC3Statement.java:458)
    	at org.sqlite.jdbc3.JDBC3PreparedStatement.execute(JDBC3PreparedStatement.java:53)
    	at app.cash.sqldelight.driver.jdbc.JdbcPreparedStatement.execute(JdbcDriver.kt:296)
    	at app.cash.sqldelight.driver.jdbc.JdbcDriver.execute(JdbcDriver.kt:142)
    	at tachiyomi.data.Sync_historyQueries.recordClear(Sync_historyQueries.kt:81)
    	at mihon.data.sync.inbox.SyncHistoryPolicyKt.recordHistoryClear(SyncHistoryPolicy.kt:54)
    	at mihon.data.sync.inbox.SyncHistoryPolicyKt.suppressSyncMangaHistory(SyncHistoryPolicy.kt:42)
    	at tachiyomi.data.history.HistoryRepositoryImpl$resetHistoryByMangaId$2.invokeSuspend(HistoryRepositoryImpl.kt:53)
    	at tachiyomi.data.history.HistoryRepositoryImpl$resetHistoryByMangaId$2.invoke(HistoryRepositoryImpl.kt)
    	at tachiyomi.data.history.HistoryRepositoryImpl$resetHistoryByMangaId$2.invoke(HistoryRepositoryImpl.kt)
    	at tachiyomi.data.JvmDatabaseHandler$dispatch$2.invokeSuspend(JvmDatabaseHandler.kt:87)
    	at tachiyomi.data.JvmDatabaseHandler$dispatch$2.invoke(JvmDatabaseHandler.kt)
    	at tachiyomi.data.JvmDatabaseHandler$dispatch$2.invoke(JvmDatabaseHandler.kt)
    	at tachiyomi.data.JvmTransactionContextKt$runTransaction$2$1$1.invokeSuspend(JvmTransactionContext.kt:52)
    	at kotlin.coroutines.jvm.internal.BaseContinuationImpl.resumeWith(ContinuationImpl.kt:34)
    	at kotlinx.coroutines.DispatchedTask.run(DispatchedTask.kt:100)
    	at kotlinx.coroutines.EventLoopImplBase.processNextEvent(EventLoop.common.kt:263)
    	at kotlinx.coroutines.BlockingCoroutine.joinBlocking(Builders.kt:94)
    	at kotlinx.coroutines.BuildersKt__BuildersKt.runBlocking(Builders.kt:70)
    	at kotlinx.coroutines.BuildersKt.runBlocking(Unknown Source)
    	at tachiyomi.data.JvmTransactionContextKt$runTransaction$2.invokeSuspend$lambda$0(JvmTransactionContext.kt:51)
    	at app.cash.sqldelight.TransacterImpl.transactionWithWrapper(Transacter.kt:374)
    	at app.cash.sqldelight.TransacterImpl.transactionWithResult(Transacter.kt:360)
    	at app.cash.sqldelight.Transacter$DefaultImpls.transactionWithResult$default(Transacter.kt:83)
    	at tachiyomi.data.JvmTransactionContextKt$runTransaction$2.invokeSuspend(JvmTransactionContext.kt:50)
    	at kotlin.coroutines.jvm.internal.BaseContinuationImpl.resumeWith(ContinuationImpl.kt:34)
    	at kotlinx.coroutines.DispatchedTask.run(DispatchedTask.kt:100)
    	at kotlinx.coroutines.EventLoopImplBase.processNextEvent(EventLoop.common.kt:263)
    	at kotlinx.coroutines.BlockingCoroutine.joinBlocking(Builders.kt:94)
    	at kotlinx.coroutines.BuildersKt__BuildersKt.runBlocking(Builders.kt:70)
    	at kotlinx.coroutines.BuildersKt.runBlocking(Unknown Source)
    	at kotlinx.coroutines.BuildersKt__BuildersKt.runBlocking$default(Builders.kt:48)
    	at kotlinx.coroutines.BuildersKt.runBlocking$default(Unknown Source)
    	at tachiyomi.data.JvmTransactionContextKt$acquireTransactionThread$2$2.run(JvmTransactionContext.kt:73)
    	at kotlinx.coroutines.internal.LimitedDispatcher$Worker.run(LimitedDispatcher.kt:124)
    	at kotlinx.coroutines.scheduling.TaskImpl.run(Tasks.kt:89)
    	at kotlinx.coroutines.scheduling.CoroutineScheduler.runSafely(CoroutineScheduler.kt:586)
    	at kotlinx.coroutines.scheduling.CoroutineScheduler$Worker.executeTask(CoroutineScheduler.kt:820)
    	at kotlinx.coroutines.scheduling.CoroutineScheduler$Worker.runWorker(CoroutineScheduler.kt:717)
    	at kotlinx.coroutines.scheduling.CoroutineScheduler$Worker.run(CoroutineScheduler.kt:704)

    [HistoryRepositoryImpl] org.sqlite.SQLiteException: [SQLITE_CONSTRAINT_TRIGGER] A RAISE function within a trigger fired, causing the SQL statement to abort (injected)
    	at org.sqlite.core.DB.newSQLException(DB.java:1179)
    	at org.sqlite.core.DB.newSQLException(DB.java:1190)
    	at org.sqlite.core.DB.execute(DB.java:985)
    	at org.sqlite.jdbc3.JDBC3PreparedStatement.lambda$execute$0(JDBC3PreparedStatement.java:59)
    	at org.sqlite.jdbc3.JDBC3Statement.withConnectionTimeout(JDBC3Statement.java:458)
    	at org.sqlite.jdbc3.JDBC3PreparedStatement.execute(JDBC3PreparedStatement.java:53)
    	at app.cash.sqldelight.driver.jdbc.JdbcPreparedStatement.execute(JdbcDriver.kt:296)
    	at app.cash.sqldelight.driver.jdbc.JdbcDriver.execute(JdbcDriver.kt:142)
    	at tachiyomi.data.Sync_historyQueries.recordClear(Sync_historyQueries.kt:81)
    	at mihon.data.sync.inbox.SyncHistoryPolicyKt.recordHistoryClear(SyncHistoryPolicy.kt:54)
    	at mihon.data.sync.inbox.SyncHistoryPolicyKt.suppressAllSyncHistory(SyncHistoryPolicy.kt:49)
    	at tachiyomi.data.history.HistoryRepositoryImpl$deleteAllHistory$2.invokeSuspend(HistoryRepositoryImpl.kt:64)
    	at tachiyomi.data.history.HistoryRepositoryImpl$deleteAllHistory$2.invoke(HistoryRepositoryImpl.kt)
    	at tachiyomi.data.history.HistoryRepositoryImpl$deleteAllHistory$2.invoke(HistoryRepositoryImpl.kt)
    	at tachiyomi.data.JvmDatabaseHandler$dispatch$2.invokeSuspend(JvmDatabaseHandler.kt:87)
    	at tachiyomi.data.JvmDatabaseHandler$dispatch$2.invoke(JvmDatabaseHandler.kt)
    	at tachiyomi.data.JvmDatabaseHandler$dispatch$2.invoke(JvmDatabaseHandler.kt)
    	at tachiyomi.data.JvmTransactionContextKt$runTransaction$2$1$1.invokeSuspend(JvmTransactionContext.kt:52)
    	at kotlin.coroutines.jvm.internal.BaseContinuationImpl.resumeWith(ContinuationImpl.kt:34)
    	at kotlinx.coroutines.DispatchedTask.run(DispatchedTask.kt:100)
    	at kotlinx.coroutines.EventLoopImplBase.processNextEvent(EventLoop.common.kt:263)
    	at kotlinx.coroutines.BlockingCoroutine.joinBlocking(Builders.kt:94)
    	at kotlinx.coroutines.BuildersKt__BuildersKt.runBlocking(Builders.kt:70)
    	at kotlinx.coroutines.BuildersKt.runBlocking(Unknown Source)
    	at tachiyomi.data.JvmTransactionContextKt$runTransaction$2.invokeSuspend$lambda$0(JvmTransactionContext.kt:51)
    	at app.cash.sqldelight.TransacterImpl.transactionWithWrapper(Transacter.kt:374)
    	at app.cash.sqldelight.TransacterImpl.transactionWithResult(Transacter.kt:360)
    	at app.cash.sqldelight.Transacter$DefaultImpls.transactionWithResult$default(Transacter.kt:83)
    	at tachiyomi.data.JvmTransactionContextKt$runTransaction$2.invokeSuspend(JvmTransactionContext.kt:50)
    	at kotlin.coroutines.jvm.internal.BaseContinuationImpl.resumeWith(ContinuationImpl.kt:34)
    	at kotlinx.coroutines.DispatchedTask.run(DispatchedTask.kt:100)
    	at kotlinx.coroutines.EventLoopImplBase.processNextEvent(EventLoop.common.kt:263)
    	at kotlinx.coroutines.BlockingCoroutine.joinBlocking(Builders.kt:94)
    	at kotlinx.coroutines.BuildersKt__BuildersKt.runBlocking(Builders.kt:70)
    	at kotlinx.coroutines.BuildersKt.runBlocking(Unknown Source)
    	at kotlinx.coroutines.BuildersKt__BuildersKt.runBlocking$default(Builders.kt:48)
    	at kotlinx.coroutines.BuildersKt.runBlocking$default(Unknown Source)
    	at tachiyomi.data.JvmTransactionContextKt$acquireTransactionThread$2$2.run(JvmTransactionContext.kt:73)
    	at kotlinx.coroutines.internal.LimitedDispatcher$Worker.run(LimitedDispatcher.kt:124)
    	at kotlinx.coroutines.scheduling.TaskImpl.run(Tasks.kt:89)
    	at kotlinx.coroutines.scheduling.CoroutineScheduler.runSafely(CoroutineScheduler.kt:586)
    	at kotlinx.coroutines.scheduling.CoroutineScheduler$Worker.executeTask(CoroutineScheduler.kt:820)
    	at kotlinx.coroutines.scheduling.CoroutineScheduler$Worker.runWorker(CoroutineScheduler.kt:717)
    	at kotlinx.coroutines.scheduling.CoroutineScheduler$Worker.run(CoroutineScheduler.kt:704)


JvmSyncHistorySuppressionContractTest[jvm] > failed business clear rolls back suppression and preserves later projection()[jvm] STANDARD_ERROR
    [HistoryRepositoryImpl] org.sqlite.SQLiteException: [SQLITE_CONSTRAINT_TRIGGER] A RAISE function within a trigger fired, causing the SQL statement to abort (injected)
    	at org.sqlite.core.DB.newSQLException(DB.java:1179)
    	at org.sqlite.core.DB.newSQLException(DB.java:1190)
    	at org.sqlite.core.DB.execute(DB.java:985)
    	at org.sqlite.jdbc3.JDBC3PreparedStatement.lambda$execute$0(JDBC3PreparedStatement.java:59)
    	at org.sqlite.jdbc3.JDBC3Statement.withConnectionTimeout(JDBC3Statement.java:458)
    	at org.sqlite.jdbc3.JDBC3PreparedStatement.execute(JDBC3PreparedStatement.java:53)
    	at app.cash.sqldelight.driver.jdbc.JdbcPreparedStatement.execute(JdbcDriver.kt:296)
    	at app.cash.sqldelight.driver.jdbc.JdbcDriver.execute(JdbcDriver.kt:142)
    	at tachiyomi.data.HistoryQueries.resetHistoryById(HistoryQueries.kt:60)
    	at tachiyomi.data.history.HistoryRepositoryImpl$resetHistory$2.invokeSuspend(HistoryRepositoryImpl.kt:43)
    	at tachiyomi.data.history.HistoryRepositoryImpl$resetHistory$2.invoke(HistoryRepositoryImpl.kt)
    	at tachiyomi.data.history.HistoryRepositoryImpl$resetHistory$2.invoke(HistoryRepositoryImpl.kt)
    	at tachiyomi.data.JvmDatabaseHandler$dispatch$2.invokeSuspend(JvmDatabaseHandler.kt:87)
    	at tachiyomi.data.JvmDatabaseHandler$dispatch$2.invoke(JvmDatabaseHandler.kt)
    	at tachiyomi.data.JvmDatabaseHandler$dispatch$2.invoke(JvmDatabaseHandler.kt)
    	at tachiyomi.data.JvmTransactionContextKt$runTransaction$2$1$1.invokeSuspend(JvmTransactionContext.kt:52)
    	at kotlin.coroutines.jvm.internal.BaseContinuationImpl.resumeWith(ContinuationImpl.kt:34)
    	at kotlinx.coroutines.DispatchedTask.run(DispatchedTask.kt:100)
    	at kotlinx.coroutines.EventLoopImplBase.processNextEvent(EventLoop.common.kt:263)
    	at kotlinx.coroutines.BlockingCoroutine.joinBlocking(Builders.kt:94)
    	at kotlinx.coroutines.BuildersKt__BuildersKt.runBlocking(Builders.kt:70)
    	at kotlinx.coroutines.BuildersKt.runBlocking(Unknown Source)
    	at tachiyomi.data.JvmTransactionContextKt$runTransaction$2.invokeSuspend$lambda$0(JvmTransactionContext.kt:51)
    	at app.cash.sqldelight.TransacterImpl.transactionWithWrapper(Transacter.kt:374)
    	at app.cash.sqldelight.TransacterImpl.transactionWithResult(Transacter.kt:360)
    	at app.cash.sqldelight.Transacter$DefaultImpls.transactionWithResult$default(Transacter.kt:83)
    	at tachiyomi.data.JvmTransactionContextKt$runTransaction$2.invokeSuspend(JvmTransactionContext.kt:50)
    	at kotlin.coroutines.jvm.internal.BaseContinuationImpl.resumeWith(ContinuationImpl.kt:34)
    	at kotlinx.coroutines.DispatchedTask.run(DispatchedTask.kt:100)
    	at kotlinx.coroutines.EventLoopImplBase.processNextEvent(EventLoop.common.kt:263)
    	at kotlinx.coroutines.BlockingCoroutine.joinBlocking(Builders.kt:94)
    	at kotlinx.coroutines.BuildersKt__BuildersKt.runBlocking(Builders.kt:70)
    	at kotlinx.coroutines.BuildersKt.runBlocking(Unknown Source)
    	at kotlinx.coroutines.BuildersKt__BuildersKt.runBlocking$default(Builders.kt:48)
    	at kotlinx.coroutines.BuildersKt.runBlocking$default(Unknown Source)
    	at tachiyomi.data.JvmTransactionContextKt$acquireTransactionThread$2$2.run(JvmTransactionContext.kt:73)
    	at kotlinx.coroutines.internal.LimitedDispatcher$Worker.run(LimitedDispatcher.kt:124)
    	at kotlinx.coroutines.scheduling.TaskImpl.run(Tasks.kt:89)
    	at kotlinx.coroutines.scheduling.CoroutineScheduler.runSafely(CoroutineScheduler.kt:586)
    	at kotlinx.coroutines.scheduling.CoroutineScheduler$Worker.executeTask(CoroutineScheduler.kt:820)
    	at kotlinx.coroutines.scheduling.CoroutineScheduler$Worker.runWorker(CoroutineScheduler.kt:717)
    	at kotlinx.coroutines.scheduling.CoroutineScheduler$Worker.run(CoroutineScheduler.kt:704)

    [HistoryRepositoryImpl] org.sqlite.SQLiteException: [SQLITE_CONSTRAINT_TRIGGER] A RAISE function within a trigger fired, causing the SQL statement to abort (injected)
    	at org.sqlite.core.DB.newSQLException(DB.java:1179)
    	at org.sqlite.core.DB.newSQLException(DB.java:1190)
    	at org.sqlite.core.DB.execute(DB.java:985)
    	at org.sqlite.jdbc3.JDBC3PreparedStatement.lambda$execute$0(JDBC3PreparedStatement.java:59)
    	at org.sqlite.jdbc3.JDBC3Statement.withConnectionTimeout(JDBC3Statement.java:458)
    	at org.sqlite.jdbc3.JDBC3PreparedStatement.execute(JDBC3PreparedStatement.java:53)
    	at app.cash.sqldelight.driver.jdbc.JdbcPreparedStatement.execute(JdbcDriver.kt:296)
    	at app.cash.sqldelight.driver.jdbc.JdbcDriver.execute(JdbcDriver.kt:142)
    	at tachiyomi.data.HistoryQueries.resetHistoryByMangaId(HistoryQueries.kt:78)
    	at tachiyomi.data.history.HistoryRepositoryImpl$resetHistoryByMangaId$2.invokeSuspend(HistoryRepositoryImpl.kt:54)
    	at tachiyomi.data.history.HistoryRepositoryImpl$resetHistoryByMangaId$2.invoke(HistoryRepositoryImpl.kt)
    	at tachiyomi.data.history.HistoryRepositoryImpl$resetHistoryByMangaId$2.invoke(HistoryRepositoryImpl.kt)
    	at tachiyomi.data.JvmDatabaseHandler$dispatch$2.invokeSuspend(JvmDatabaseHandler.kt:87)
    	at tachiyomi.data.JvmDatabaseHandler$dispatch$2.invoke(JvmDatabaseHandler.kt)
    	at tachiyomi.data.JvmDatabaseHandler$dispatch$2.invoke(JvmDatabaseHandler.kt)
    	at tachiyomi.data.JvmTransactionContextKt$runTransaction$2$1$1.invokeSuspend(JvmTransactionContext.kt:52)
    	at kotlin.coroutines.jvm.internal.BaseContinuationImpl.resumeWith(ContinuationImpl.kt:34)
    	at kotlinx.coroutines.DispatchedTask.run(DispatchedTask.kt:100)
    	at kotlinx.coroutines.EventLoopImplBase.processNextEvent(EventLoop.common.kt:263)
    	at kotlinx.coroutines.BlockingCoroutine.joinBlocking(Builders.kt:94)
    	at kotlinx.coroutines.BuildersKt__BuildersKt.runBlocking(Builders.kt:70)
    	at kotlinx.coroutines.BuildersKt.runBlocking(Unknown Source)
    	at tachiyomi.data.JvmTransactionContextKt$runTransaction$2.invokeSuspend$lambda$0(JvmTransactionContext.kt:51)
    	at app.cash.sqldelight.TransacterImpl.transactionWithWrapper(Transacter.kt:374)
    	at app.cash.sqldelight.TransacterImpl.transactionWithResult(Transacter.kt:360)
    	at app.cash.sqldelight.Transacter$DefaultImpls.transactionWithResult$default(Transacter.kt:83)
    	at tachiyomi.data.JvmTransactionContextKt$runTransaction$2.invokeSuspend(JvmTransactionContext.kt:50)
    	at kotlin.coroutines.jvm.internal.BaseContinuationImpl.resumeWith(ContinuationImpl.kt:34)
    	at kotlinx.coroutines.DispatchedTask.run(DispatchedTask.kt:100)
    	at kotlinx.coroutines.EventLoopImplBase.processNextEvent(EventLoop.common.kt:263)
    	at kotlinx.coroutines.BlockingCoroutine.joinBlocking(Builders.kt:94)
    	at kotlinx.coroutines.BuildersKt__BuildersKt.runBlocking(Builders.kt:70)
    	at kotlinx.coroutines.BuildersKt.runBlocking(Unknown Source)
    	at kotlinx.coroutines.BuildersKt__BuildersKt.runBlocking$default(Builders.kt:48)
    	at kotlinx.coroutines.BuildersKt.runBlocking$default(Unknown Source)
    	at tachiyomi.data.JvmTransactionContextKt$acquireTransactionThread$2$2.run(JvmTransactionContext.kt:73)
    	at kotlinx.coroutines.internal.LimitedDispatcher$Worker.run(LimitedDispatcher.kt:124)
    	at kotlinx.coroutines.scheduling.TaskImpl.run(Tasks.kt:89)
    	at kotlinx.coroutines.scheduling.CoroutineScheduler.runSafely(CoroutineScheduler.kt:586)
    	at kotlinx.coroutines.scheduling.CoroutineScheduler$Worker.executeTask(CoroutineScheduler.kt:820)
    	at kotlinx.coroutines.scheduling.CoroutineScheduler$Worker.runWorker(CoroutineScheduler.kt:717)
    	at kotlinx.coroutines.scheduling.CoroutineScheduler$Worker.run(CoroutineScheduler.kt:704)

    [HistoryRepositoryImpl] org.sqlite.SQLiteException: [SQLITE_CONSTRAINT_TRIGGER] A RAISE function within a trigger fired, causing the SQL statement to abort (injected)
    	at org.sqlite.core.DB.newSQLException(DB.java:1179)
    	at org.sqlite.core.DB.newSQLException(DB.java:1190)
    	at org.sqlite.core.DB.execute(DB.java:985)
    	at org.sqlite.jdbc3.JDBC3PreparedStatement.lambda$execute$0(JDBC3PreparedStatement.java:59)
    	at org.sqlite.jdbc3.JDBC3Statement.withConnectionTimeout(JDBC3Statement.java:458)
    	at org.sqlite.jdbc3.JDBC3PreparedStatement.execute(JDBC3PreparedStatement.java:53)
    	at app.cash.sqldelight.driver.jdbc.JdbcPreparedStatement.execute(JdbcDriver.kt:296)
    	at app.cash.sqldelight.driver.jdbc.JdbcDriver.execute(JdbcDriver.kt:142)
    	at app.cash.sqldelight.db.SqlDriver$DefaultImpls.execute$default(SqlDriver.kt:63)
    	at tachiyomi.data.HistoryQueries.removeAllHistory(HistoryQueries.kt:104)
    	at tachiyomi.data.history.HistoryRepositoryImpl$deleteAllHistory$2.invokeSuspend(HistoryRepositoryImpl.kt:65)
    	at tachiyomi.data.history.HistoryRepositoryImpl$deleteAllHistory$2.invoke(HistoryRepositoryImpl.kt)
    	at tachiyomi.data.history.HistoryRepositoryImpl$deleteAllHistory$2.invoke(HistoryRepositoryImpl.kt)
    	at tachiyomi.data.JvmDatabaseHandler$dispatch$2.invokeSuspend(JvmDatabaseHandler.kt:87)
    	at tachiyomi.data.JvmDatabaseHandler$dispatch$2.invoke(JvmDatabaseHandler.kt)
    	at tachiyomi.data.JvmDatabaseHandler$dispatch$2.invoke(JvmDatabaseHandler.kt)
    	at tachiyomi.data.JvmTransactionContextKt$runTransaction$2$1$1.invokeSuspend(JvmTransactionContext.kt:52)
    	at kotlin.coroutines.jvm.internal.BaseContinuationImpl.resumeWith(ContinuationImpl.kt:34)
    	at kotlinx.coroutines.DispatchedTask.run(DispatchedTask.kt:100)
    	at kotlinx.coroutines.EventLoopImplBase.processNextEvent(EventLoop.common.kt:263)
    	at kotlinx.coroutines.BlockingCoroutine.joinBlocking(Builders.kt:94)
    	at kotlinx.coroutines.BuildersKt__BuildersKt.runBlocking(Builders.kt:70)
    	at kotlinx.coroutines.BuildersKt.runBlocking(Unknown Source)
    	at tachiyomi.data.JvmTransactionContextKt$runTransaction$2.invokeSuspend$lambda$0(JvmTransactionContext.kt:51)
    	at app.cash.sqldelight.TransacterImpl.transactionWithWrapper(Transacter.kt:374)
    	at app.cash.sqldelight.TransacterImpl.transactionWithResult(Transacter.kt:360)
    	at app.cash.sqldelight.Transacter$DefaultImpls.transactionWithResult$default(Transacter.kt:83)
    	at tachiyomi.data.JvmTransactionContextKt$runTransaction$2.invokeSuspend(JvmTransactionContext.kt:50)
    	at kotlin.coroutines.jvm.internal.BaseContinuationImpl.resumeWith(ContinuationImpl.kt:34)
    	at kotlinx.coroutines.DispatchedTask.run(DispatchedTask.kt:100)
    	at kotlinx.coroutines.EventLoopImplBase.processNextEvent(EventLoop.common.kt:263)
    	at kotlinx.coroutines.BlockingCoroutine.joinBlocking(Builders.kt:94)
    	at kotlinx.coroutines.BuildersKt__BuildersKt.runBlocking(Builders.kt:70)
    	at kotlinx.coroutines.BuildersKt.runBlocking(Unknown Source)
    	at kotlinx.coroutines.BuildersKt__BuildersKt.runBlocking$default(Builders.kt:48)
    	at kotlinx.coroutines.BuildersKt.runBlocking$default(Unknown Source)
    	at tachiyomi.data.JvmTransactionContextKt$acquireTransactionThread$2$2.run(JvmTransactionContext.kt:73)
    	at kotlinx.coroutines.internal.LimitedDispatcher$Worker.run(LimitedDispatcher.kt:124)
    	at kotlinx.coroutines.scheduling.TaskImpl.run(Tasks.kt:89)
    	at kotlinx.coroutines.scheduling.CoroutineScheduler.runSafely(CoroutineScheduler.kt:586)
    	at kotlinx.coroutines.scheduling.CoroutineScheduler$Worker.executeTask(CoroutineScheduler.kt:820)
    	at kotlinx.coroutines.scheduling.CoroutineScheduler$Worker.runWorker(CoroutineScheduler.kt:717)
    	at kotlinx.coroutines.scheduling.CoroutineScheduler$Worker.run(CoroutineScheduler.kt:704)


JvmSyncJournalStorageContractTest[jvm] > batch update failure rolls back every favorite and journal entry()[jvm] STANDARD_ERROR
    [MangaRepositoryImpl] org.sqlite.SQLiteException: [SQLITE_CONSTRAINT_TRIGGER] A RAISE function within a trigger fired, causing the SQL statement to abort (synthetic second event failure)
    	at org.sqlite.core.DB.newSQLException(DB.java:1179)
    	at org.sqlite.core.DB.newSQLException(DB.java:1190)
    	at org.sqlite.core.DB.execute(DB.java:985)
    	at org.sqlite.jdbc3.JDBC3PreparedStatement.lambda$execute$0(JDBC3PreparedStatement.java:59)
    	at org.sqlite.jdbc3.JDBC3Statement.withConnectionTimeout(JDBC3Statement.java:458)
    	at org.sqlite.jdbc3.JDBC3PreparedStatement.execute(JDBC3PreparedStatement.java:53)
    	at app.cash.sqldelight.driver.jdbc.JdbcPreparedStatement.execute(JdbcDriver.kt:296)
    	at app.cash.sqldelight.driver.jdbc.JdbcDriver.execute(JdbcDriver.kt:142)
    	at tachiyomi.data.Sync_journalQueries.insertOutbox(Sync_journalQueries.kt:696)
    	at mihon.data.sync.journal.SyncTransactionJournalKt.appendSyncOperation(SyncTransactionJournal.kt:111)
    	at mihon.data.sync.journal.SyncTransactionJournalKt.appendSyncOperation$default(SyncTransactionJournal.kt:25)
    	at mihon.data.sync.journal.SyncTransactionJournalKt.appendFavoriteOperation(SyncTransactionJournal.kt:137)
    	at tachiyomi.data.manga.MangaRepositoryImpl$partialUpdate$2.invokeSuspend(MangaRepositoryImpl.kt:263)
    	at tachiyomi.data.manga.MangaRepositoryImpl$partialUpdate$2.invoke(MangaRepositoryImpl.kt)
    	at tachiyomi.data.manga.MangaRepositoryImpl$partialUpdate$2.invoke(MangaRepositoryImpl.kt)
    	at tachiyomi.data.JvmDatabaseHandler$dispatch$2.invokeSuspend(JvmDatabaseHandler.kt:87)
    	at tachiyomi.data.JvmDatabaseHandler$dispatch$2.invoke(JvmDatabaseHandler.kt)
    	at tachiyomi.data.JvmDatabaseHandler$dispatch$2.invoke(JvmDatabaseHandler.kt)
    	at tachiyomi.data.JvmTransactionContextKt$runTransaction$2$1$1.invokeSuspend(JvmTransactionContext.kt:52)
    	at kotlin.coroutines.jvm.internal.BaseContinuationImpl.resumeWith(ContinuationImpl.kt:34)
    	at kotlinx.coroutines.DispatchedTask.run(DispatchedTask.kt:100)
    	at kotlinx.coroutines.EventLoopImplBase.processNextEvent(EventLoop.common.kt:263)
    	at kotlinx.coroutines.BlockingCoroutine.joinBlocking(Builders.kt:94)
    	at kotlinx.coroutines.BuildersKt__BuildersKt.runBlocking(Builders.kt:70)
    	at kotlinx.coroutines.BuildersKt.runBlocking(Unknown Source)
    	at tachiyomi.data.JvmTransactionContextKt$runTransaction$2.invokeSuspend$lambda$0(JvmTransactionContext.kt:51)
    	at app.cash.sqldelight.TransacterImpl.transactionWithWrapper(Transacter.kt:374)
    	at app.cash.sqldelight.TransacterImpl.transactionWithResult(Transacter.kt:360)
    	at app.cash.sqldelight.Transacter$DefaultImpls.transactionWithResult$default(Transacter.kt:83)
    	at tachiyomi.data.JvmTransactionContextKt$runTransaction$2.invokeSuspend(JvmTransactionContext.kt:50)
    	at kotlin.coroutines.jvm.internal.BaseContinuationImpl.resumeWith(ContinuationImpl.kt:34)
    	at kotlinx.coroutines.DispatchedTask.run(DispatchedTask.kt:100)
    	at kotlinx.coroutines.EventLoopImplBase.processNextEvent(EventLoop.common.kt:263)
    	at kotlinx.coroutines.BlockingCoroutine.joinBlocking(Builders.kt:94)
    	at kotlinx.coroutines.BuildersKt__BuildersKt.runBlocking(Builders.kt:70)
    	at kotlinx.coroutines.BuildersKt.runBlocking(Unknown Source)
    	at kotlinx.coroutines.BuildersKt__BuildersKt.runBlocking$default(Builders.kt:48)
    	at kotlinx.coroutines.BuildersKt.runBlocking$default(Unknown Source)
    	at tachiyomi.data.JvmTransactionContextKt$acquireTransactionThread$2$2.run(JvmTransactionContext.kt:73)
    	at kotlinx.coroutines.internal.LimitedDispatcher$Worker.run(LimitedDispatcher.kt:124)
    	at kotlinx.coroutines.scheduling.TaskImpl.run(Tasks.kt:89)
    	at kotlinx.coroutines.scheduling.CoroutineScheduler.runSafely(CoroutineScheduler.kt:586)
    	at kotlinx.coroutines.scheduling.CoroutineScheduler$Worker.executeTask(CoroutineScheduler.kt:820)
    	at kotlinx.coroutines.scheduling.CoroutineScheduler$Worker.runWorker(CoroutineScheduler.kt:717)
    	at kotlinx.coroutines.scheduling.CoroutineScheduler$Worker.run(CoroutineScheduler.kt:704)


SyncDatabaseExchangeHistoricalLookupTest[jvm] > persistent warm admission skips evidence and a blocked guard forces full validation()[jvm] FAILED
    java.lang.IllegalArgumentException: recursive sync tree object hash does not match declared id
        at mihon.data.sync.transport.GitHubSyncTransport.verifiedRecursiveTree(GitHubGitDatabaseClient.kt:1109)
        at mihon.data.sync.transport.GitHubSyncTransport.access$verifiedRecursiveTree(GitHubGitDatabaseClient.kt:250)
        at mihon.data.sync.transport.GitHubSyncTransport$verifiedRecursiveTree$1.invokeSuspend(GitHubGitDatabaseClient.kt)
        at kotlin.coroutines.jvm.internal.BaseContinuationImpl.resumeWith(ContinuationImpl.kt:34)
        at kotlinx.coroutines.DispatchedTask.run(DispatchedTask.kt:100)
        at kotlinx.coroutines.EventLoopImplBase.processNextEvent(EventLoop.common.kt:263)
        at kotlinx.coroutines.BlockingCoroutine.joinBlocking(Builders.kt:94)
        at kotlinx.coroutines.BuildersKt__BuildersKt.runBlocking(Builders.kt:70)
        at kotlinx.coroutines.BuildersKt.runBlocking(Unknown Source)
        at kotlinx.coroutines.BuildersKt__BuildersKt.runBlocking$default(Builders.kt:48)
        at kotlinx.coroutines.BuildersKt.runBlocking$default(Unknown Source)
        at mihon.data.sync.SyncDatabaseExchangeHistoricalLookupTest.persistent warm admission skips evidence and a blocked guard forces full validation(SyncDatabaseExchangeHistoricalLookupTest.kt:192)

SyncDatabaseExchangeHistoricalLookupTest[jvm] > new head updates only changed normalized manifest rows()[jvm] FAILED
    java.lang.IllegalArgumentException: recursive sync tree object hash does not match declared id
        at mihon.data.sync.transport.GitHubSyncTransport.verifiedRecursiveTree(GitHubGitDatabaseClient.kt:1109)
        at mihon.data.sync.transport.GitHubSyncTransport.access$verifiedRecursiveTree(GitHubGitDatabaseClient.kt:250)
        at mihon.data.sync.transport.GitHubSyncTransport$verifiedRecursiveTree$1.invokeSuspend(GitHubGitDatabaseClient.kt)
        at kotlin.coroutines.jvm.internal.BaseContinuationImpl.resumeWith(ContinuationImpl.kt:34)
        at kotlinx.coroutines.DispatchedTask.run(DispatchedTask.kt:100)
        at kotlinx.coroutines.EventLoopImplBase.processNextEvent(EventLoop.common.kt:263)
        at kotlinx.coroutines.BlockingCoroutine.joinBlocking(Builders.kt:94)
        at kotlinx.coroutines.BuildersKt__BuildersKt.runBlocking(Builders.kt:70)
        at kotlinx.coroutines.BuildersKt.runBlocking(Unknown Source)
        at kotlinx.coroutines.BuildersKt__BuildersKt.runBlocking$default(Builders.kt:48)
        at kotlinx.coroutines.BuildersKt.runBlocking$default(Unknown Source)
        at mihon.data.sync.SyncDatabaseExchangeHistoricalLookupTest.new head updates only changed normalized manifest rows(SyncDatabaseExchangeHistoricalLookupTest.kt:258)

SyncDatabaseExchangeHistoricalLookupTest[jvm] > new head preserves BMP and supplementary plane manifest paths()[jvm] FAILED
    java.lang.IllegalArgumentException: recursive sync tree object hash does not match declared id
        at mihon.data.sync.transport.GitHubSyncTransport.verifiedRecursiveTree(GitHubGitDatabaseClient.kt:1109)
        at mihon.data.sync.transport.GitHubSyncTransport.access$verifiedRecursiveTree(GitHubGitDatabaseClient.kt:250)
        at mihon.data.sync.transport.GitHubSyncTransport$verifiedRecursiveTree$1.invokeSuspend(GitHubGitDatabaseClient.kt)
        at kotlin.coroutines.jvm.internal.BaseContinuationImpl.resumeWith(ContinuationImpl.kt:34)
        at kotlinx.coroutines.DispatchedTask.run(DispatchedTask.kt:100)
        at kotlinx.coroutines.EventLoopImplBase.processNextEvent(EventLoop.common.kt:263)
        at kotlinx.coroutines.BlockingCoroutine.joinBlocking(Builders.kt:94)
        at kotlinx.coroutines.BuildersKt__BuildersKt.runBlocking(Builders.kt:70)
        at kotlinx.coroutines.BuildersKt.runBlocking(Unknown Source)
        at kotlinx.coroutines.BuildersKt__BuildersKt.runBlocking$default(Builders.kt:48)
        at kotlinx.coroutines.BuildersKt.runBlocking$default(Unknown Source)
        at mihon.data.sync.SyncDatabaseExchangeHistoricalLookupTest.new head preserves BMP and supplementary plane manifest paths(SyncDatabaseExchangeHistoricalLookupTest.kt:316)

SyncDatabaseExchangeHistoricalLookupTest[jvm] > legacy full json manifest is a cache miss and is rebuilt without clearing the guard()[jvm] FAILED
    java.lang.IllegalArgumentException: recursive sync tree object hash does not match declared id
        at mihon.data.sync.transport.GitHubSyncTransport.verifiedRecursiveTree(GitHubGitDatabaseClient.kt:1109)
        at mihon.data.sync.transport.GitHubSyncTransport.access$verifiedRecursiveTree(GitHubGitDatabaseClient.kt:250)
        at mihon.data.sync.transport.GitHubSyncTransport$verifiedRecursiveTree$1.invokeSuspend(GitHubGitDatabaseClient.kt)
        at kotlin.coroutines.jvm.internal.BaseContinuationImpl.resumeWith(ContinuationImpl.kt:34)
        at kotlinx.coroutines.DispatchedTask.run(DispatchedTask.kt:100)
        at kotlinx.coroutines.EventLoopImplBase.processNextEvent(EventLoop.common.kt:263)
        at kotlinx.coroutines.BlockingCoroutine.joinBlocking(Builders.kt:94)
        at kotlinx.coroutines.BuildersKt__BuildersKt.runBlocking(Builders.kt:70)
        at kotlinx.coroutines.BuildersKt.runBlocking(Unknown Source)
        at kotlinx.coroutines.BuildersKt__BuildersKt.runBlocking$default(Builders.kt:48)
        at kotlinx.coroutines.BuildersKt.runBlocking$default(Unknown Source)
        at mihon.data.sync.SyncDatabaseExchangeHistoricalLookupTest.legacy full json manifest is a cache miss and is rebuilt without clearing the guard(SyncDatabaseExchangeHistoricalLookupTest.kt:361)

SyncDirtyFieldsQueryPlanTest[jvm] > ten thousand dirty fields report actual query plan and page cost()[jvm] STANDARD_OUT
    SYNC_SQL_DIAGNOSTIC rows=10000 pages=200 queryMs=115 updateMs=146 plan=[SEARCH sync_field_state USING INDEX sync_dirty_fields (space_id=? AND generation=? AND dirty=?), USE TEMP B-TREE FOR ORDER BY]

SyncFaultInterleavingAcceptanceTest[jvm] > one hundred fixed seeds eventually converge through bounded exchange faults()[jvm] STANDARD_OUT
    {"scenario":"T75-fixed-seeds","seeds":100,"favorites":600,"remoteBatches":290}

SyncPersistentGitObjectCacheComplexityTest[jvm] > 1000 and 9000 objects stay within cold warm append and recreated cache budgets()[jvm] STANDARD_OUT
    {"scenario":"cold-create","objects":1000,"listCalls":1,"listedEntries":0,"metadataCalls":2000,"metadataBytes":0,"markerWrites":1000,"returnedObjects":0}
    {"scenario":"cold-ledger-rebuild","objects":1000,"listCalls":1,"listedEntries":2000,"metadataCalls":2002,"metadataBytes":247135,"markerWrites":1,"returnedObjects":1}
    {"scenario":"warm-read","objects":1000,"listCalls":0,"listedEntries":0,"metadataCalls":2000,"metadataBytes":246890,"markerWrites":1000,"returnedObjects":1000}
    {"scenario":"cache-instance-recreation","objects":1000,"listCalls":0,"listedEntries":0,"metadataCalls":2,"metadataBytes":245,"markerWrites":1,"returnedObjects":1}
    {"scenario":"append","objects":1000,"listCalls":0,"listedEntries":0,"metadataCalls":2000,"metadataBytes":0,"markerWrites":1000,"returnedObjects":1000}
    {"scenario":"cold-create","objects":9000,"listCalls":1,"listedEntries":0,"metadataCalls":18000,"metadataBytes":0,"markerWrites":9000,"returnedObjects":0}
    {"scenario":"cold-ledger-rebuild","objects":9000,"listCalls":1,"listedEntries":18000,"metadataCalls":18002,"metadataBytes":2231135,"markerWrites":1,"returnedObjects":1}
    {"scenario":"warm-read","objects":9000,"listCalls":0,"listedEntries":0,"metadataCalls":18000,"metadataBytes":2230890,"markerWrites":9000,"returnedObjects":9000}
    {"scenario":"cache-instance-recreation","objects":9000,"listCalls":0,"listedEntries":0,"metadataCalls":2,"metadataBytes":245,"markerWrites":1,"returnedObjects":1}
    {"scenario":"append","objects":9000,"listCalls":0,"listedEntries":0,"metadataCalls":18000,"metadataBytes":0,"markerWrites":9000,"returnedObjects":9000}

SyncPersistentGitObjectCacheComplexityTest[jvm] > warm reads keep filesystem work linear at 100 and 200 objects()[jvm] STANDARD_OUT
    {"scenario":"warm-read","objects":100,"listCalls":0,"listedEntries":0,"metadataCalls":200,"metadataBytes":23890,"markerWrites":100}
    {"scenario":"warm-read","objects":200,"listCalls":0,"listedEntries":0,"metadataCalls":400,"metadataBytes":47890,"markerWrites":200}

SyncPersistentGitObjectCacheComplexityTest[jvm] > oversized inventory degrades without rescanning on every operation()[jvm] STANDARD_OUT
    {"scenario":"oversized-sentinel","objects":20001,"listCalls":1}

SyncPersistentGitObjectCacheComplexityTest[jvm] > continuous appends keep filesystem work linear at 100 and 200 objects()[jvm] STANDARD_OUT
    {"scenario":"append","objects":100,"listCalls":0,"listedEntries":0,"metadataCalls":200,"metadataBytes":0,"markerWrites":100}
    {"scenario":"append","objects":200,"listCalls":0,"listedEntries":0,"metadataCalls":400,"metadataBytes":0,"markerWrites":200}

SyncPersistentGitObjectCacheIntegrationTest[jvm] > newer L2 objects cannot warm admit a snapshot ahead of its persisted manifest()[jvm] FAILED
    java.lang.IllegalArgumentException: recursive sync tree object hash does not match declared id
        at mihon.data.sync.transport.GitHubSyncTransport.verifiedRecursiveTree(GitHubGitDatabaseClient.kt:1109)
        at mihon.data.sync.transport.GitHubSyncTransport.access$verifiedRecursiveTree(GitHubGitDatabaseClient.kt:250)
        at mihon.data.sync.transport.GitHubSyncTransport$verifiedRecursiveTree$1.invokeSuspend(GitHubGitDatabaseClient.kt)
        at kotlin.coroutines.jvm.internal.BaseContinuationImpl.resumeWith(ContinuationImpl.kt:34)
        at kotlinx.coroutines.DispatchedTask.run(DispatchedTask.kt:100)
        at kotlinx.coroutines.EventLoopImplBase.processNextEvent(EventLoop.common.kt:263)
        at kotlinx.coroutines.BlockingCoroutine.joinBlocking(Builders.kt:94)
        at kotlinx.coroutines.BuildersKt__BuildersKt.runBlocking(Builders.kt:70)
        at kotlinx.coroutines.BuildersKt.runBlocking(Unknown Source)
        at kotlinx.coroutines.BuildersKt__BuildersKt.runBlocking$default(Builders.kt:48)
        at kotlinx.coroutines.BuildersKt.runBlocking$default(Unknown Source)
        at mihon.data.sync.SyncPersistentGitObjectCacheIntegrationTest.newer L2 objects cannot warm admit a snapshot ahead of its persisted manifest(SyncPersistentGitObjectCacheIntegrationTest.kt:236)

SyncPersistentGitObjectCacheIntegrationTest[jvm] > cache directory failures do not fail validated remote reads()[jvm] FAILED
    org.opentest4j.AssertionFailedError: expected: <true> but was: <false>
        at app//org.junit.jupiter.api.AssertionFailureBuilder.build(AssertionFailureBuilder.java:158)
        at app//org.junit.jupiter.api.AssertionFailureBuilder.buildAndThrow(AssertionFailureBuilder.java:139)
        at app//org.junit.jupiter.api.AssertTrue.failNotTrue(AssertTrue.java:69)
        at app//org.junit.jupiter.api.AssertTrue.assertTrue(AssertTrue.java:41)
        at app//org.junit.jupiter.api.AssertTrue.assertTrue(AssertTrue.java:35)
        at app//org.junit.jupiter.api.Assertions.assertTrue(Assertions.java:195)
        at app//mihon.data.sync.SyncPersistentGitObjectCacheIntegrationTest$cache directory failures do not fail validated remote reads$1.invokeSuspend(SyncPersistentGitObjectCacheIntegrationTest.kt:358)
        at app//kotlin.coroutines.jvm.internal.BaseContinuationImpl.resumeWith(ContinuationImpl.kt:34)
        at app//kotlinx.coroutines.DispatchedTask.run(DispatchedTask.kt:100)
        at app//kotlinx.coroutines.EventLoopImplBase.processNextEvent(EventLoop.common.kt:263)
        at app//kotlinx.coroutines.BlockingCoroutine.joinBlocking(Builders.kt:94)
        at app//kotlinx.coroutines.BuildersKt__BuildersKt.runBlocking(Builders.kt:70)
        at app//kotlinx.coroutines.BuildersKt.runBlocking(Unknown Source)
        at app//kotlinx.coroutines.BuildersKt__BuildersKt.runBlocking$default(Builders.kt:48)
        at app//kotlinx.coroutines.BuildersKt.runBlocking$default(Unknown Source)
        at app//mihon.data.sync.SyncPersistentGitObjectCacheIntegrationTest.cache directory failures do not fail validated remote reads(SyncPersistentGitObjectCacheIntegrationTest.kt:333)

SyncRuntimeRestartRecoveryAcceptanceTest[jvm] > F-E lost ref readback resumes the saved artifact after file database reopen()[jvm] STANDARD_OUT
    {"scenario":"F-E","refGets":13,"commitGets":7,"treeGets":22,"blobGets":15,"postRestartReadDelta":23,"refPatches":2}

SyncRuntimeRestartRecoveryAcceptanceTest[jvm] > F-F nearest readback anchor failure preserves outbox through file database reopen()[jvm] STANDARD_OUT
    {"scenario":"F-F-nearest-anchor-before-ack","refGets":14,"commitGets":9,"treeGets":39,"blobGets":21,"postRestartReadDelta":23,"refPatches":2}

SyncRuntimeRestartRecoveryAcceptanceTest[jvm] > F-G committed receipt stays deduplicated after file database reopen()[jvm] STANDARD_OUT
    {"scenario":"F-G","receivedRowsBefore":1,"receivedRowsAfter":1,"httpDelta":{"ref":1,"commit":0,"tree":0,"blob":0}}

SyncScaleAcceptanceTest[jvm] > diagnose frozen bulk decisions on file database()[jvm] STANDARD_OUT
    SYNC_SCALE {"initialEvents":5010,"historyActors":10,"pendingDecisions":501,"phase":"fixture_initial","httpRequests":0,"databaseBytes":1015808,"sampledJvmHeapBytesIncludingFixture":108045256,"elapsedMillis":105,"blobReads":0,"preexistingBlobReads":0,"treeReads":0,"refUpdates":0}
    SYNC_SCALE {"initialEvents":5010,"historyActors":10,"pendingDecisions":501,"phase":"first_exchange","httpRequests":108,"databaseBytes":9302016,"sampledJvmHeapBytesIncludingFixture":108045256,"elapsedMillis":2700,"blobReads":50,"preexistingBlobReads":50,"treeReads":55,"refUpdates":0}
    SYNC_SCALE {"initialEvents":5010,"historyActors":10,"pendingDecisions":501,"phase":"fixture_increment","httpRequests":0,"databaseBytes":9302016,"sampledJvmHeapBytesIncludingFixture":108045256,"elapsedMillis":8,"blobReads":0,"preexistingBlobReads":0,"treeReads":0,"refUpdates":0}
    SYNC_SCALE {"initialEvents":5010,"historyActors":10,"pendingDecisions":501,"phase":"increment_exchange","httpRequests":108,"databaseBytes":10260480,"sampledJvmHeapBytesIncludingFixture":108045256,"elapsedMillis":1736,"blobReads":33,"preexistingBlobReads":30,"treeReads":65,"refUpdates":1}
    SYNC_SCALE {"initialEvents":5010,"historyActors":10,"pendingDecisions":501,"phase":"panel_open","httpRequests":0,"databaseBytes":10260480,"sampledJvmHeapBytesIncludingFixture":108045256,"elapsedMillis":51,"blobReads":0,"preexistingBlobReads":0,"treeReads":0,"refUpdates":0}
    SYNC_SCALE {"initialEvents":5010,"historyActors":10,"pendingDecisions":501,"phase":"panel_load_more","httpRequests":0,"databaseBytes":10260480,"sampledJvmHeapBytesIncludingFixture":108045256,"elapsedMillis":16,"blobReads":0,"preexistingBlobReads":0,"treeReads":0,"refUpdates":0}
    SYNC_SCALE {"initialEvents":5010,"historyActors":10,"pendingDecisions":501,"phase":"panel_select_all","httpRequests":0,"databaseBytes":10260480,"sampledJvmHeapBytesIncludingFixture":108045256,"elapsedMillis":0,"blobReads":0,"preexistingBlobReads":0,"treeReads":0,"refUpdates":0}
    SYNC_SCALE {"initialEvents":5010,"historyActors":10,"pendingDecisions":501,"phase":"panel_freeze_selection","httpRequests":0,"databaseBytes":10412032,"sampledJvmHeapBytesIncludingFixture":108045256,"elapsedMillis":31,"blobReads":0,"preexistingBlobReads":0,"treeReads":0,"refUpdates":0}
    SYNC_SCALE {"initialEvents":5010,"historyActors":10,"pendingDecisions":501,"phase":"bulk_first_chunk","httpRequests":0,"databaseBytes":10436608,"sampledJvmHeapBytesIncludingFixture":108045256,"elapsedMillis":60,"blobReads":0,"preexistingBlobReads":0,"treeReads":0,"refUpdates":0}
    SYNC_SCALE {"initialEvents":5010,"historyActors":10,"pendingDecisions":501,"phase":"bulk_resume_and_close","httpRequests":0,"databaseBytes":10436608,"sampledJvmHeapBytesIncludingFixture":108045256,"elapsedMillis":708,"blobReads":0,"preexistingBlobReads":0,"treeReads":0,"refUpdates":0}
    SYNC_BULK_DIAGNOSTIC events=5010 pending=501 elapsedMs=770 outerTransactions=11 sqlCalls=5300 sqlMs=933 commitCount=11 commitMs=369
    SYNC_SCALE {"initialEvents":5010,"historyActors":10,"pendingDecisions":501,"phase":"unchanged_exchange","httpRequests":1,"databaseBytes":10436608,"sampledJvmHeapBytesIncludingFixture":108045256,"elapsedMillis":26,"blobReads":0,"preexistingBlobReads":0,"treeReads":0,"refUpdates":0}
    SYNC_SCALE {"initialEvents":5010,"historyActors":10,"pendingDecisions":501,"phase":"complete","httpRequests":256,"databaseBytes":10436608,"sampledJvmHeapBytesIncludingFixture":108045256,"events":5514,"repositoryInitialBlobBytes":3612575,"repositoryReachableBlobBytes":3995538,"repositoryBlobGrowthBytes":382963,"heapBaselineBytes":82482688,"heapPeakGrowthBytes":25562568}

SyncScaleAcceptanceTest[jvm] > complete histories and frozen decisions remain correct at ten and hundred thousand events()[jvm] STANDARD_OUT
    SYNC_SCALE {"initialEvents":10000,"historyActors":3,"pendingDecisions":120,"phase":"fixture_initial","httpRequests":0,"databaseBytes":1015808,"sampledJvmHeapBytesIncludingFixture":108123144,"elapsedMillis":145,"blobReads":0,"preexistingBlobReads":0,"treeReads":0,"refUpdates":0}
    SYNC_SCALE {"initialEvents":10000,"historyActors":3,"pendingDecisions":120,"phase":"first_exchange","httpRequests":110,"databaseBytes":16437248,"sampledJvmHeapBytesIncludingFixture":113056544,"elapsedMillis":4337,"blobReads":87,"preexistingBlobReads":87,"treeReads":20,"refUpdates":0}
    SYNC_SCALE {"initialEvents":10000,"historyActors":3,"pendingDecisions":120,"phase":"fixture_increment","httpRequests":0,"databaseBytes":16437248,"sampledJvmHeapBytesIncludingFixture":113056544,"elapsedMillis":5,"blobReads":0,"preexistingBlobReads":0,"treeReads":0,"refUpdates":0}
    SYNC_SCALE {"initialEvents":10000,"historyActors":3,"pendingDecisions":120,"phase":"increment_exchange","httpRequests":52,"databaseBytes":16691200,"sampledJvmHeapBytesIncludingFixture":113056544,"elapsedMillis":738,"blobReads":12,"preexistingBlobReads":9,"treeReads":30,"refUpdates":1}
    SYNC_SCALE {"initialEvents":10000,"historyActors":3,"pendingDecisions":120,"phase":"panel_open","httpRequests":0,"databaseBytes":16691200,"sampledJvmHeapBytesIncludingFixture":113056544,"elapsedMillis":39,"blobReads":0,"preexistingBlobReads":0,"treeReads":0,"refUpdates":0}
    SYNC_SCALE {"initialEvents":10000,"historyActors":3,"pendingDecisions":120,"phase":"panel_load_more","httpRequests":0,"databaseBytes":16691200,"sampledJvmHeapBytesIncludingFixture":113056544,"elapsedMillis":15,"blobReads":0,"preexistingBlobReads":0,"treeReads":0,"refUpdates":0}
    SYNC_SCALE {"initialEvents":10000,"historyActors":3,"pendingDecisions":120,"phase":"panel_select_all","httpRequests":0,"databaseBytes":16691200,"sampledJvmHeapBytesIncludingFixture":113056544,"elapsedMillis":0,"blobReads":0,"preexistingBlobReads":0,"treeReads":0,"refUpdates":0}
    SYNC_SCALE {"initialEvents":10000,"historyActors":3,"pendingDecisions":120,"phase":"panel_freeze_selection","httpRequests":0,"databaseBytes":16732160,"sampledJvmHeapBytesIncludingFixture":113056544,"elapsedMillis":26,"blobReads":0,"preexistingBlobReads":0,"treeReads":0,"refUpdates":0}
    SYNC_SCALE {"initialEvents":10000,"historyActors":3,"pendingDecisions":120,"phase":"bulk_first_chunk","httpRequests":0,"databaseBytes":16740352,"sampledJvmHeapBytesIncludingFixture":113056544,"elapsedMillis":399,"blobReads":0,"preexistingBlobReads":0,"treeReads":0,"refUpdates":0}
    SYNC_SCALE {"initialEvents":10000,"historyActors":3,"pendingDecisions":120,"phase":"bulk_resume_and_close","httpRequests":0,"databaseBytes":16740352,"sampledJvmHeapBytesIncludingFixture":113056544,"elapsedMillis":425,"blobReads":0,"preexistingBlobReads":0,"treeReads":0,"refUpdates":0}
    SYNC_SCALE {"initialEvents":10000,"historyActors":3,"pendingDecisions":120,"phase":"unchanged_exchange","httpRequests":1,"databaseBytes":16740352,"sampledJvmHeapBytesIncludingFixture":113056544,"elapsedMillis":62,"blobReads":0,"preexistingBlobReads":0,"treeReads":0,"refUpdates":0}
    SYNC_SCALE {"initialEvents":10000,"historyActors":3,"pendingDecisions":120,"phase":"complete","httpRequests":256,"databaseBytes":16740352,"sampledJvmHeapBytesIncludingFixture":113056544,"events":10123,"repositoryInitialBlobBytes":6661892,"repositoryReachableBlobBytes":6758146,"repositoryBlobGrowthBytes":96254,"heapBaselineBytes":106657480,"heapPeakGrowthBytes":6399064}
    SYNC_SCALE {"initialEvents":100000,"historyActors":10,"pendingDecisions":10000,"phase":"fixture_initial","httpRequests":0,"databaseBytes":1015808,"sampledJvmHeapBytesIncludingFixture":210024904,"elapsedMillis":1597,"blobReads":0,"preexistingBlobReads":0,"treeReads":0,"refUpdates":0}
    SYNC_SCALE {"initialEvents":100000,"historyActors":10,"pendingDecisions":10000,"phase":"first_exchange","httpRequests":868,"databaseBytes":170348544,"sampledJvmHeapBytesIncludingFixture":242592840,"elapsedMillis":94917,"blobReads":810,"preexistingBlobReads":810,"treeReads":55,"refUpdates":0}
    SYNC_SCALE {"initialEvents":100000,"historyActors":10,"pendingDecisions":10000,"phase":"fixture_increment","httpRequests":0,"databaseBytes":170348544,"sampledJvmHeapBytesIncludingFixture":242592840,"elapsedMillis":156,"blobReads":0,"preexistingBlobReads":0,"treeReads":0,"refUpdates":0}
    SYNC_SCALE {"initialEvents":100000,"historyActors":10,"pendingDecisions":10000,"phase":"increment_exchange","httpRequests":168,"databaseBytes":188968960,"sampledJvmHeapBytesIncludingFixture":250521456,"elapsedMillis":20514,"blobReads":93,"preexistingBlobReads":90,"treeReads":65,"refUpdates":1}
    SYNC_SCALE {"initialEvents":100000,"historyActors":10,"pendingDecisions":10000,"phase":"panel_open","httpRequests":0,"databaseBytes":188968960,"sampledJvmHeapBytesIncludingFixture":250521456,"elapsedMillis":65,"blobReads":0,"preexistingBlobReads":0,"treeReads":0,"refUpdates":0}
    SYNC_SCALE {"initialEvents":100000,"historyActors":10,"pendingDecisions":10000,"phase":"panel_load_more","httpRequests":0,"databaseBytes":188968960,"sampledJvmHeapBytesIncludingFixture":251734688,"elapsedMillis":24,"blobReads":0,"preexistingBlobReads":0,"treeReads":0,"refUpdates":0}
    SYNC_SCALE {"initialEvents":100000,"historyActors":10,"pendingDecisions":10000,"phase":"panel_select_all","httpRequests":0,"databaseBytes":188968960,"sampledJvmHeapBytesIncludingFixture":251734688,"elapsedMillis":0,"blobReads":0,"preexistingBlobReads":0,"treeReads":0,"refUpdates":0}
    SYNC_SCALE {"initialEvents":100000,"historyActors":10,"pendingDecisions":10000,"phase":"panel_freeze_selection","httpRequests":0,"databaseBytes":192065536,"sampledJvmHeapBytesIncludingFixture":251734688,"elapsedMillis":162,"blobReads":0,"preexistingBlobReads":0,"treeReads":0,"refUpdates":0}
    SYNC_SCALE {"initialEvents":100000,"historyActors":10,"pendingDecisions":10000,"phase":"bulk_first_chunk","httpRequests":0,"databaseBytes":192090112,"sampledJvmHeapBytesIncludingFixture":251734688,"elapsedMillis":45,"blobReads":0,"preexistingBlobReads":0,"treeReads":0,"refUpdates":0}
    SYNC_SCALE {"initialEvents":100000,"historyActors":10,"pendingDecisions":10000,"phase":"bulk_resume_and_close","httpRequests":0,"databaseBytes":192090112,"sampledJvmHeapBytesIncludingFixture":258979232,"elapsedMillis":17535,"blobReads":0,"preexistingBlobReads":0,"treeReads":0,"refUpdates":0}
    SYNC_SCALE {"initialEvents":100000,"historyActors":10,"pendingDecisions":10000,"phase":"unchanged_exchange","httpRequests":1,"databaseBytes":192090112,"sampledJvmHeapBytesIncludingFixture":258979232,"elapsedMillis":1762,"blobReads":0,"preexistingBlobReads":0,"treeReads":0,"refUpdates":0}
    SYNC_SCALE {"initialEvents":100000,"historyActors":10,"pendingDecisions":10000,"phase":"complete","httpRequests":1076,"databaseBytes":192090112,"sampledJvmHeapBytesIncludingFixture":258979232,"events":110003,"repositoryInitialBlobBytes":73023089,"repositoryReachableBlobBytes":80512548,"repositoryBlobGrowthBytes":7489459,"heapBaselineBytes":80367240,"heapPeakGrowthBytes":178611992}

SyncScaleAcceptanceTest[jvm] > controlled first import and exchange profile()[jvm] STANDARD_OUT
    SYNC_SCALE_SAMPLE 1
    SYNC_SCALE {"initialEvents":300,"historyActors":1,"pendingDecisions":0,"phase":"runtime_fixture_local_library","httpRequests":0,"databaseBytes":1093632,"sampledJvmHeapBytesIncludingFixture":258861136,"elapsedMillis":14959,"blobReads":0,"preexistingBlobReads":0,"treeReads":0,"refUpdates":0}
    SYNC_SCALE {"initialEvents":300,"historyActors":1,"pendingDecisions":0,"phase":"runtime_first_connect_freeze","httpRequests":7,"databaseBytes":1138688,"sampledJvmHeapBytesIncludingFixture":258861136,"elapsedMillis":420,"blobReads":2,"preexistingBlobReads":2,"treeReads":1,"refUpdates":0}
    SYNC_CONTROLLED_CONNECT_PATHS sample=1 paths=GET /user|GET /repos/fixture-owner/mihon-sync|GET /repos/fixture-owner/mihon-sync/git/ref/heads/mihon-sync-v1|GET /repos/fixture-owner/mihon-sync/git/commits/0000000000000000000000000000000000000002|GET /repos/fixture-owner/mihon-sync/git/trees/b09d297509a9fe7cbb340bb7bdb51c7f2841c127?recursive=1|GET /repos/fixture-owner/mihon-sync/git/blobs/a8db7b4ac901f70716fc93da41958bada2a60468|GET /repos/fixture-owner/mihon-sync/git/blobs/34a500112552ba561d58bf9a3347aff3c54b190b
    SYNC_SCALE {"initialEvents":300,"historyActors":1,"pendingDecisions":0,"phase":"runtime_first_import_and_upload_confirmed_total","httpRequests":46,"databaseBytes":2306048,"sampledJvmHeapBytesIncludingFixture":258861136,"elapsedMillis":4818,"blobReads":6,"preexistingBlobReads":0,"treeReads":23,"refUpdates":2}
    SYNC_SCALE {"initialEvents":300,"phase":"runtime_initial_import_generated","elapsedSinceConnectMillis":1420,"observation":"sqldelight_query_notification"}
    SYNC_SCALE {"initialEvents":300,"phase":"runtime_first_batch_locally_confirmed","elapsedSinceConnectMillis":3620,"confirmation":"durable_published_batch","observation":"sqldelight_query_notification"}
    SYNC_SCALE {"initialEvents":300,"phase":"runtime_all_confirmed_since_connect","elapsedSinceConnectMillis":5243,"sample":1}
    SYNC_SCALE {"initialEvents":300,"historyActors":1,"pendingDecisions":0,"phase":"runtime_first_download_connect_merge","httpRequests":18,"databaseBytes":1990656,"sampledJvmHeapBytesIncludingFixture":258861136,"elapsedMillis":2091,"blobReads":7,"preexistingBlobReads":7,"treeReads":2,"refUpdates":0}
    SYNC_SCALE {"phase":"runtime_controlled_first_wire_bytes","sample":1,"requestBodyBytes":258647,"responseBodyBytes":535144}
    SYNC_SCALE_SAMPLE 2
    SYNC_SCALE {"initialEvents":300,"historyActors":1,"pendingDecisions":0,"phase":"runtime_fixture_local_library","httpRequests":0,"databaseBytes":1093632,"sampledJvmHeapBytesIncludingFixture":258721000,"elapsedMillis":11053,"blobReads":0,"preexistingBlobReads":0,"treeReads":0,"refUpdates":0}
    SYNC_SCALE {"initialEvents":300,"historyActors":1,"pendingDecisions":0,"phase":"runtime_first_connect_freeze","httpRequests":7,"databaseBytes":1138688,"sampledJvmHeapBytesIncludingFixture":258721000,"elapsedMillis":423,"blobReads":2,"preexistingBlobReads":2,"treeReads":1,"refUpdates":0}
    SYNC_CONTROLLED_CONNECT_PATHS sample=2 paths=GET /user|GET /repos/fixture-owner/mihon-sync|GET /repos/fixture-owner/mihon-sync/git/ref/heads/mihon-sync-v1|GET /repos/fixture-owner/mihon-sync/git/commits/0000000000000000000000000000000000000002|GET /repos/fixture-owner/mihon-sync/git/trees/b09d297509a9fe7cbb340bb7bdb51c7f2841c127?recursive=1|GET /repos/fixture-owner/mihon-sync/git/blobs/a8db7b4ac901f70716fc93da41958bada2a60468|GET /repos/fixture-owner/mihon-sync/git/blobs/34a500112552ba561d58bf9a3347aff3c54b190b
    SYNC_SCALE {"initialEvents":300,"historyActors":1,"pendingDecisions":0,"phase":"runtime_first_import_and_upload_confirmed_total","httpRequests":46,"databaseBytes":2306048,"sampledJvmHeapBytesIncludingFixture":258721000,"elapsedMillis":4343,"blobReads":6,"preexistingBlobReads":0,"treeReads":23,"refUpdates":2}
    SYNC_SCALE {"initialEvents":300,"phase":"runtime_initial_import_generated","elapsedSinceConnectMillis":1103,"observation":"sqldelight_query_notification"}
    SYNC_SCALE {"initialEvents":300,"phase":"runtime_first_batch_locally_confirmed","elapsedSinceConnectMillis":3239,"confirmation":"durable_published_batch","observation":"sqldelight_query_notification"}
    SYNC_SCALE {"initialEvents":300,"phase":"runtime_all_confirmed_since_connect","elapsedSinceConnectMillis":4766,"sample":2}
    SYNC_SCALE {"initialEvents":300,"historyActors":1,"pendingDecisions":0,"phase":"runtime_first_download_connect_merge","httpRequests":18,"databaseBytes":1982464,"sampledJvmHeapBytesIncludingFixture":258721000,"elapsedMillis":1926,"blobReads":7,"preexistingBlobReads":7,"treeReads":2,"refUpdates":0}
    SYNC_SCALE {"phase":"runtime_controlled_first_wire_bytes","sample":2,"requestBodyBytes":258647,"responseBodyBytes":535144}
    SYNC_SCALE_SAMPLE 3
    SYNC_SCALE {"initialEvents":300,"historyActors":1,"pendingDecisions":0,"phase":"runtime_fixture_local_library","httpRequests":0,"databaseBytes":1093632,"sampledJvmHeapBytesIncludingFixture":259111896,"elapsedMillis":11452,"blobReads":0,"preexistingBlobReads":0,"treeReads":0,"refUpdates":0}
    SYNC_SCALE {"initialEvents":300,"historyActors":1,"pendingDecisions":0,"phase":"runtime_first_connect_freeze","httpRequests":7,"databaseBytes":1138688,"sampledJvmHeapBytesIncludingFixture":259111896,"elapsedMillis":406,"blobReads":2,"preexistingBlobReads":2,"treeReads":1,"refUpdates":0}
    SYNC_CONTROLLED_CONNECT_PATHS sample=3 paths=GET /user|GET /repos/fixture-owner/mihon-sync|GET /repos/fixture-owner/mihon-sync/git/ref/heads/mihon-sync-v1|GET /repos/fixture-owner/mihon-sync/git/commits/0000000000000000000000000000000000000002|GET /repos/fixture-owner/mihon-sync/git/trees/b09d297509a9fe7cbb340bb7bdb51c7f2841c127?recursive=1|GET /repos/fixture-owner/mihon-sync/git/blobs/a8db7b4ac901f70716fc93da41958bada2a60468|GET /repos/fixture-owner/mihon-sync/git/blobs/34a500112552ba561d58bf9a3347aff3c54b190b
    SYNC_SCALE {"initialEvents":300,"historyActors":1,"pendingDecisions":0,"phase":"runtime_first_import_and_upload_confirmed_total","httpRequests":46,"databaseBytes":2306048,"sampledJvmHeapBytesIncludingFixture":259111896,"elapsedMillis":4552,"blobReads":6,"preexistingBlobReads":0,"treeReads":23,"refUpdates":2}
    SYNC_SCALE {"initialEvents":300,"phase":"runtime_initial_import_generated","elapsedSinceConnectMillis":1219,"observation":"sqldelight_query_notification"}
    SYNC_SCALE {"initialEvents":300,"phase":"runtime_first_batch_locally_confirmed","elapsedSinceConnectMillis":3336,"confirmation":"durable_published_batch","observation":"sqldelight_query_notification"}
    SYNC_SCALE {"initialEvents":300,"phase":"runtime_all_confirmed_since_connect","elapsedSinceConnectMillis":4959,"sample":3}
    SYNC_SCALE {"initialEvents":300,"historyActors":1,"pendingDecisions":0,"phase":"runtime_first_download_connect_merge","httpRequests":18,"databaseBytes":1982464,"sampledJvmHeapBytesIncludingFixture":259111896,"elapsedMillis":2246,"blobReads":7,"preexistingBlobReads":7,"treeReads":2,"refUpdates":0}
    SYNC_SCALE {"phase":"runtime_controlled_first_wire_bytes","sample":3,"requestBodyBytes":258647,"responseBodyBytes":535144}
    SYNC_SCALE_SAMPLE 4
    SYNC_SCALE {"initialEvents":300,"historyActors":1,"pendingDecisions":0,"phase":"runtime_fixture_local_library","httpRequests":0,"databaseBytes":1093632,"sampledJvmHeapBytesIncludingFixture":259228048,"elapsedMillis":15534,"blobReads":0,"preexistingBlobReads":0,"treeReads":0,"refUpdates":0}
    SYNC_SCALE {"initialEvents":300,"historyActors":1,"pendingDecisions":0,"phase":"runtime_first_connect_freeze","httpRequests":7,"databaseBytes":1138688,"sampledJvmHeapBytesIncludingFixture":259228048,"elapsedMillis":410,"blobReads":2,"preexistingBlobReads":2,"treeReads":1,"refUpdates":0}
    SYNC_CONTROLLED_CONNECT_PATHS sample=4 paths=GET /user|GET /repos/fixture-owner/mihon-sync|GET /repos/fixture-owner/mihon-sync/git/ref/heads/mihon-sync-v1|GET /repos/fixture-owner/mihon-sync/git/commits/0000000000000000000000000000000000000002|GET /repos/fixture-owner/mihon-sync/git/trees/b09d297509a9fe7cbb340bb7bdb51c7f2841c127?recursive=1|GET /repos/fixture-owner/mihon-sync/git/blobs/a8db7b4ac901f70716fc93da41958bada2a60468|GET /repos/fixture-owner/mihon-sync/git/blobs/34a500112552ba561d58bf9a3347aff3c54b190b
    SYNC_SCALE {"initialEvents":300,"historyActors":1,"pendingDecisions":0,"phase":"runtime_first_import_and_upload_confirmed_total","httpRequests":46,"databaseBytes":2306048,"sampledJvmHeapBytesIncludingFixture":259228048,"elapsedMillis":4793,"blobReads":6,"preexistingBlobReads":0,"treeReads":23,"refUpdates":2}
    SYNC_SCALE {"initialEvents":300,"phase":"runtime_initial_import_generated","elapsedSinceConnectMillis":1315,"observation":"sqldelight_query_notification"}
    SYNC_SCALE {"initialEvents":300,"phase":"runtime_first_batch_locally_confirmed","elapsedSinceConnectMillis":3585,"confirmation":"durable_published_batch","observation":"sqldelight_query_notification"}
    SYNC_SCALE {"initialEvents":300,"phase":"runtime_all_confirmed_since_connect","elapsedSinceConnectMillis":5204,"sample":4}
    SYNC_SCALE {"initialEvents":300,"historyActors":1,"pendingDecisions":0,"phase":"runtime_first_download_connect_merge","httpRequests":18,"databaseBytes":1990656,"sampledJvmHeapBytesIncludingFixture":259228048,"elapsedMillis":2171,"blobReads":7,"preexistingBlobReads":7,"treeReads":2,"refUpdates":0}
    SYNC_SCALE {"phase":"runtime_controlled_first_wire_bytes","sample":4,"requestBodyBytes":258647,"responseBodyBytes":535144}
    SYNC_SCALE_SAMPLE 5
    SYNC_SCALE {"initialEvents":300,"historyActors":1,"pendingDecisions":0,"phase":"runtime_fixture_local_library","httpRequests":0,"databaseBytes":1093632,"sampledJvmHeapBytesIncludingFixture":258362576,"elapsedMillis":15161,"blobReads":0,"preexistingBlobReads":0,"treeReads":0,"refUpdates":0}
    SYNC_SCALE {"initialEvents":300,"historyActors":1,"pendingDecisions":0,"phase":"runtime_first_connect_freeze","httpRequests":7,"databaseBytes":1138688,"sampledJvmHeapBytesIncludingFixture":258362576,"elapsedMillis":459,"blobReads":2,"preexistingBlobReads":2,"treeReads":1,"refUpdates":0}
    SYNC_CONTROLLED_CONNECT_PATHS sample=5 paths=GET /user|GET /repos/fixture-owner/mihon-sync|GET /repos/fixture-owner/mihon-sync/git/ref/heads/mihon-sync-v1|GET /repos/fixture-owner/mihon-sync/git/commits/0000000000000000000000000000000000000002|GET /repos/fixture-owner/mihon-sync/git/trees/b09d297509a9fe7cbb340bb7bdb51c7f2841c127?recursive=1|GET /repos/fixture-owner/mihon-sync/git/blobs/a8db7b4ac901f70716fc93da41958bada2a60468|GET /repos/fixture-owner/mihon-sync/git/blobs/34a500112552ba561d58bf9a3347aff3c54b190b
    SYNC_SCALE {"initialEvents":300,"historyActors":1,"pendingDecisions":0,"phase":"runtime_first_import_and_upload_confirmed_total","httpRequests":46,"databaseBytes":2306048,"sampledJvmHeapBytesIncludingFixture":258362576,"elapsedMillis":4853,"blobReads":6,"preexistingBlobReads":0,"treeReads":23,"refUpdates":2}
    SYNC_SCALE {"initialEvents":300,"phase":"runtime_initial_import_generated","elapsedSinceConnectMillis":1294,"observation":"sqldelight_query_notification"}
    SYNC_SCALE {"initialEvents":300,"phase":"runtime_first_batch_locally_confirmed","elapsedSinceConnectMillis":3648,"confirmation":"durable_published_batch","observation":"sqldelight_query_notification"}
    SYNC_SCALE {"initialEvents":300,"phase":"runtime_all_confirmed_since_connect","elapsedSinceConnectMillis":5313,"sample":5}
    SYNC_SCALE {"initialEvents":300,"historyActors":1,"pendingDecisions":0,"phase":"runtime_first_download_connect_merge","httpRequests":18,"databaseBytes":1990656,"sampledJvmHeapBytesIncludingFixture":258362576,"elapsedMillis":2170,"blobReads":7,"preexistingBlobReads":7,"treeReads":2,"refUpdates":0}
    SYNC_SCALE {"phase":"runtime_controlled_first_wire_bytes","sample":5,"requestBodyBytes":258647,"responseBodyBytes":535144}
    SYNC_SCALE_SAMPLE 6
    SYNC_SCALE {"initialEvents":300,"historyActors":1,"pendingDecisions":0,"phase":"runtime_fixture_local_library","httpRequests":0,"databaseBytes":1093632,"sampledJvmHeapBytesIncludingFixture":231400664,"elapsedMillis":17086,"blobReads":0,"preexistingBlobReads":0,"treeReads":0,"refUpdates":0}
    SYNC_SCALE {"initialEvents":300,"historyActors":1,"pendingDecisions":0,"phase":"runtime_first_connect_freeze","httpRequests":7,"databaseBytes":1138688,"sampledJvmHeapBytesIncludingFixture":232795776,"elapsedMillis":618,"blobReads":2,"preexistingBlobReads":2,"treeReads":1,"refUpdates":0}
    SYNC_CONTROLLED_CONNECT_PATHS sample=6 paths=GET /user|GET /repos/fixture-owner/mihon-sync|GET /repos/fixture-owner/mihon-sync/git/ref/heads/mihon-sync-v1|GET /repos/fixture-owner/mihon-sync/git/commits/0000000000000000000000000000000000000002|GET /repos/fixture-owner/mihon-sync/git/trees/b09d297509a9fe7cbb340bb7bdb51c7f2841c127?recursive=1|GET /repos/fixture-owner/mihon-sync/git/blobs/a8db7b4ac901f70716fc93da41958bada2a60468|GET /repos/fixture-owner/mihon-sync/git/blobs/34a500112552ba561d58bf9a3347aff3c54b190b
    SYNC_SCALE {"initialEvents":300,"historyActors":1,"pendingDecisions":0,"phase":"runtime_first_import_and_upload_confirmed_total","httpRequests":46,"databaseBytes":2306048,"sampledJvmHeapBytesIncludingFixture":250842584,"elapsedMillis":5136,"blobReads":6,"preexistingBlobReads":0,"treeReads":23,"refUpdates":2}
    SYNC_SCALE {"initialEvents":300,"phase":"runtime_initial_import_generated","elapsedSinceConnectMillis":1596,"observation":"sqldelight_query_notification"}
    SYNC_SCALE {"initialEvents":300,"phase":"runtime_first_batch_locally_confirmed","elapsedSinceConnectMillis":3910,"confirmation":"durable_published_batch","observation":"sqldelight_query_notification"}
    SYNC_SCALE {"initialEvents":300,"phase":"runtime_all_confirmed_since_connect","elapsedSinceConnectMillis":5756,"sample":6}
    SYNC_SCALE {"initialEvents":300,"historyActors":1,"pendingDecisions":0,"phase":"runtime_first_download_connect_merge","httpRequests":18,"databaseBytes":1982464,"sampledJvmHeapBytesIncludingFixture":250842584,"elapsedMillis":2154,"blobReads":7,"preexistingBlobReads":7,"treeReads":2,"refUpdates":0}
    SYNC_SCALE {"phase":"runtime_controlled_first_wire_bytes","sample":6,"requestBodyBytes":258647,"responseBodyBytes":535144}
    SYNC_SCALE_SAMPLE 7
    SYNC_SCALE {"initialEvents":300,"historyActors":1,"pendingDecisions":0,"phase":"runtime_fixture_local_library","httpRequests":0,"databaseBytes":1093632,"sampledJvmHeapBytesIncludingFixture":170970968,"elapsedMillis":11170,"blobReads":0,"preexistingBlobReads":0,"treeReads":0,"refUpdates":0}
    SYNC_SCALE {"initialEvents":300,"historyActors":1,"pendingDecisions":0,"phase":"runtime_first_connect_freeze","httpRequests":7,"databaseBytes":1138688,"sampledJvmHeapBytesIncludingFixture":172453280,"elapsedMillis":455,"blobReads":2,"preexistingBlobReads":2,"treeReads":1,"refUpdates":0}
    SYNC_CONTROLLED_CONNECT_PATHS sample=7 paths=GET /user|GET /repos/fixture-owner/mihon-sync|GET /repos/fixture-owner/mihon-sync/git/ref/heads/mihon-sync-v1|GET /repos/fixture-owner/mihon-sync/git/commits/0000000000000000000000000000000000000002|GET /repos/fixture-owner/mihon-sync/git/trees/b09d297509a9fe7cbb340bb7bdb51c7f2841c127?recursive=1|GET /repos/fixture-owner/mihon-sync/git/blobs/a8db7b4ac901f70716fc93da41958bada2a60468|GET /repos/fixture-owner/mihon-sync/git/blobs/34a500112552ba561d58bf9a3347aff3c54b190b
    SYNC_SCALE {"initialEvents":300,"historyActors":1,"pendingDecisions":0,"phase":"runtime_first_import_and_upload_confirmed_total","httpRequests":46,"databaseBytes":2306048,"sampledJvmHeapBytesIncludingFixture":210811440,"elapsedMillis":4844,"blobReads":6,"preexistingBlobReads":0,"treeReads":23,"refUpdates":2}
    SYNC_SCALE {"initialEvents":300,"phase":"runtime_initial_import_generated","elapsedSinceConnectMillis":1325,"observation":"sqldelight_query_notification"}
    SYNC_SCALE {"initialEvents":300,"phase":"runtime_first_batch_locally_confirmed","elapsedSinceConnectMillis":3616,"confirmation":"durable_published_batch","observation":"sqldelight_query_notification"}
    SYNC_SCALE {"initialEvents":300,"phase":"runtime_all_confirmed_since_connect","elapsedSinceConnectMillis":5300,"sample":7}
    SYNC_SCALE {"initialEvents":300,"historyActors":1,"pendingDecisions":0,"phase":"runtime_first_download_connect_merge","httpRequests":18,"databaseBytes":1990656,"sampledJvmHeapBytesIncludingFixture":210811440,"elapsedMillis":2145,"blobReads":7,"preexistingBlobReads":7,"treeReads":2,"refUpdates":0}
    SYNC_SCALE {"phase":"runtime_controlled_first_wire_bytes","sample":7,"requestBodyBytes":258647,"responseBodyBytes":535144}

SyncScaleAcceptanceTest[jvm] > candidate baseline first import upload download warm exchange and recovery()[jvm] STANDARD_OUT
    SYNC_SCALE {"initialEvents":1000,"historyActors":1,"pendingDecisions":0,"phase":"candidate_fixture_local_library","httpRequests":0,"databaseBytes":1323008,"sampledJvmHeapBytesIncludingFixture":203847144,"elapsedMillis":46492,"blobReads":0,"preexistingBlobReads":0,"treeReads":0,"refUpdates":0}
    SYNC_SCALE {"initialEvents":1000,"historyActors":1,"pendingDecisions":0,"phase":"candidate_first_import","httpRequests":0,"databaseBytes":3330048,"sampledJvmHeapBytesIncludingFixture":203847144,"elapsedMillis":1317,"blobReads":0,"preexistingBlobReads":0,"treeReads":0,"refUpdates":0}
    SYNC_SCALE {"initialEvents":1000,"historyActors":1,"pendingDecisions":0,"phase":"candidate_first_upload_total","httpRequests":82,"databaseBytes":4362240,"sampledJvmHeapBytesIncludingFixture":203847144,"elapsedMillis":1415,"blobReads":12,"preexistingBlobReads":0,"treeReads":40,"refUpdates":4}
    SYNC_SCALE {"initialEvents":1000,"historyActors":1,"pendingDecisions":0,"phase":"candidate_first_download_total","httpRequests":25,"databaseBytes":3686400,"sampledJvmHeapBytesIncludingFixture":203847144,"elapsedMillis":1999,"blobReads":10,"preexistingBlobReads":10,"treeReads":12,"refUpdates":0}
    SYNC_SCALE {"initialEvents":1000,"historyActors":1,"pendingDecisions":0,"phase":"candidate_warm_upload_one","httpRequests":22,"databaseBytes":4362240,"sampledJvmHeapBytesIncludingFixture":203847144,"elapsedMillis":136,"blobReads":3,"preexistingBlobReads":0,"treeReads":10,"refUpdates":1}
    SYNC_SCALE {"initialEvents":1000,"historyActors":1,"pendingDecisions":0,"phase":"candidate_lost_publish_and_read_failure","httpRequests":7,"databaseBytes":4362240,"sampledJvmHeapBytesIncludingFixture":203847144,"elapsedMillis":85,"blobReads":0,"preexistingBlobReads":0,"treeReads":0,"refUpdates":1}
    SYNC_SCALE {"initialEvents":1000,"historyActors":1,"pendingDecisions":0,"phase":"candidate_recovery_fresh_transport","httpRequests":27,"databaseBytes":4362240,"sampledJvmHeapBytesIncludingFixture":203847144,"elapsedMillis":235,"blobReads":11,"preexistingBlobReads":11,"treeReads":12,"refUpdates":0}

SyncScaleAcceptanceTest[jvm] > runtime baseline first import complete exchange warm increment and recovery()[jvm] STANDARD_OUT
    SYNC_SCALE_SAMPLE 1
    SYNC_SCALE {"initialEvents":300,"historyActors":1,"pendingDecisions":0,"phase":"runtime_fixture_local_library","httpRequests":0,"databaseBytes":1093632,"sampledJvmHeapBytesIncludingFixture":116313592,"elapsedMillis":11308,"blobReads":0,"preexistingBlobReads":0,"treeReads":0,"refUpdates":0}
    SYNC_SCALE {"initialEvents":300,"historyActors":1,"pendingDecisions":0,"phase":"runtime_first_connect_freeze","httpRequests":7,"databaseBytes":1138688,"sampledJvmHeapBytesIncludingFixture":117027392,"elapsedMillis":45,"blobReads":2,"preexistingBlobReads":2,"treeReads":1,"refUpdates":0}
    SYNC_SCALE {"initialEvents":300,"historyActors":1,"pendingDecisions":0,"phase":"runtime_first_import_and_upload_confirmed_total","httpRequests":46,"databaseBytes":2306048,"sampledJvmHeapBytesIncludingFixture":177915152,"elapsedMillis":1717,"blobReads":6,"preexistingBlobReads":0,"treeReads":23,"refUpdates":2}
    SYNC_SCALE {"initialEvents":300,"phase":"runtime_initial_import_generated","elapsedSinceConnectMillis":869,"observation":"sqldelight_query_notification"}
    SYNC_SCALE {"initialEvents":300,"phase":"runtime_first_batch_locally_confirmed","elapsedSinceConnectMillis":1373,"confirmation":"durable_published_batch","observation":"sqldelight_query_notification"}
    SYNC_SCALE {"initialEvents":300,"phase":"runtime_all_confirmed_since_connect","elapsedSinceConnectMillis":1763,"sample":1}
    SYNC_SCALE {"initialEvents":300,"historyActors":1,"pendingDecisions":0,"phase":"runtime_first_download_connect_merge","httpRequests":18,"databaseBytes":1990656,"sampledJvmHeapBytesIncludingFixture":204535336,"elapsedMillis":911,"blobReads":7,"preexistingBlobReads":7,"treeReads":2,"refUpdates":0}
    SYNC_SCALE {"initialEvents":300,"historyActors":1,"pendingDecisions":0,"phase":"runtime_warm_upload_one","httpRequests":23,"databaseBytes":2306048,"sampledJvmHeapBytesIncludingFixture":204535336,"elapsedMillis":681,"blobReads":3,"preexistingBlobReads":0,"treeReads":10,"refUpdates":1}
    SYNC_SCALE {"initialEvents":300,"historyActors":1,"pendingDecisions":0,"phase":"runtime_lost_publish_and_read_failure","httpRequests":8,"databaseBytes":2306048,"sampledJvmHeapBytesIncludingFixture":204535336,"elapsedMillis":348,"blobReads":0,"preexistingBlobReads":0,"treeReads":0,"refUpdates":1}
    SYNC_SCALE {"initialEvents":300,"historyActors":1,"pendingDecisions":0,"phase":"runtime_recovery_new_runtime","httpRequests":22,"databaseBytes":2306048,"sampledJvmHeapBytesIncludingFixture":204535336,"elapsedMillis":502,"blobReads":5,"preexistingBlobReads":5,"treeReads":10,"refUpdates":0}

SyncScaleAcceptanceTest[jvm] > controlled warm increment with one hundred historical batches()[jvm] STANDARD_OUT
    SYNC_SCALE {"initialEvents":100,"historyActors":1,"pendingDecisions":0,"phase":"h100_warm_increment_sample_1","httpRequests":30,"databaseBytes":1392640,"sampledJvmHeapBytesIncludingFixture":204977480,"elapsedMillis":2481,"blobReads":3,"preexistingBlobReads":0,"treeReads":17,"refUpdates":1}
    SYNC_SCALE {"phase":"h100_wire_bytes_sample_1","requestBodyBytes":3318,"responseBodyBytes":31110}
    SYNC_SCALE {"initialEvents":100,"historyActors":1,"pendingDecisions":0,"phase":"h100_warm_increment_sample_2","httpRequests":30,"databaseBytes":1392640,"sampledJvmHeapBytesIncludingFixture":174068064,"elapsedMillis":2571,"blobReads":3,"preexistingBlobReads":0,"treeReads":17,"refUpdates":1}
    SYNC_SCALE {"phase":"h100_wire_bytes_sample_2","requestBodyBytes":3318,"responseBodyBytes":31110}
    SYNC_SCALE {"initialEvents":100,"historyActors":1,"pendingDecisions":0,"phase":"h100_warm_increment_sample_3","httpRequests":30,"databaseBytes":1392640,"sampledJvmHeapBytesIncludingFixture":204556704,"elapsedMillis":2498,"blobReads":3,"preexistingBlobReads":0,"treeReads":17,"refUpdates":1}
    SYNC_SCALE {"phase":"h100_wire_bytes_sample_3","requestBodyBytes":3318,"responseBodyBytes":31110}
    SYNC_SCALE {"initialEvents":100,"historyActors":1,"pendingDecisions":0,"phase":"h100_warm_increment_sample_4","httpRequests":30,"databaseBytes":1392640,"sampledJvmHeapBytesIncludingFixture":204350304,"elapsedMillis":2611,"blobReads":3,"preexistingBlobReads":0,"treeReads":17,"refUpdates":1}
    SYNC_SCALE {"phase":"h100_wire_bytes_sample_4","requestBodyBytes":3318,"responseBodyBytes":31110}
    SYNC_SCALE {"initialEvents":100,"historyActors":1,"pendingDecisions":0,"phase":"h100_warm_increment_sample_5","httpRequests":30,"databaseBytes":1392640,"sampledJvmHeapBytesIncludingFixture":187984096,"elapsedMillis":2436,"blobReads":3,"preexistingBlobReads":0,"treeReads":17,"refUpdates":1}
    SYNC_SCALE {"phase":"h100_wire_bytes_sample_5","requestBodyBytes":3318,"responseBodyBytes":31110}
    SYNC_SCALE {"initialEvents":100,"historyActors":1,"pendingDecisions":0,"phase":"h100_warm_increment_sample_6","httpRequests":30,"databaseBytes":1392640,"sampledJvmHeapBytesIncludingFixture":204035784,"elapsedMillis":2600,"blobReads":3,"preexistingBlobReads":0,"treeReads":17,"refUpdates":1}
    SYNC_SCALE {"phase":"h100_wire_bytes_sample_6","requestBodyBytes":3318,"responseBodyBytes":31110}
    SYNC_SCALE {"initialEvents":100,"historyActors":1,"pendingDecisions":0,"phase":"h100_warm_increment_sample_7","httpRequests":30,"databaseBytes":1392640,"sampledJvmHeapBytesIncludingFixture":205180120,"elapsedMillis":2526,"blobReads":3,"preexistingBlobReads":0,"treeReads":17,"refUpdates":1}
    SYNC_SCALE {"phase":"h100_wire_bytes_sample_7","requestBodyBytes":3318,"responseBodyBytes":31110}

SyncScaleAcceptanceTest[jvm] > diagnose projected fields with real inbox and file database()[jvm] STANDARD_OUT
    SYNC_PROJECT_DIAGNOSTIC events=5000 actors=1 uniqueFields=500 pages=11 ingestMs=1444 projectMs=664 commitCalls=13 commitMs=274 emptyTransactionMs=164 sqlCalls=11028 sqlMs=324 dirtyQueryCalls=11 dirtyQueryMs=16 transactions=2013 outerTransactions=513

CreatorArchivePerformanceContractTest[jvm] > production backfill indexes ten thousand manga within the frozen budget and stays idempotent()[jvm] STANDARD_OUT
    Exact creator backfill first pass: BackfillTiming(firstProgressMillis=3, totalMillis=6938)
    Exact creator backfill idempotent replay: BackfillTiming(firstProgressMillis=1, totalMillis=4528)

Gradle Test Executor 32 finished executing tests.

> Task :data:jvmTest

604 tests completed, 6 failed
Finished generating test XML results (0.022 secs) into: D:\Codex\worktrees\85be\mihon\data\build\test-results\jvmTest
Generating HTML test report...
Finished generating test html results (0.035 secs) into: D:\Codex\worktrees\85be\mihon\data\build\reports\tests\jvmTest

> Task :data:jvmTest FAILED
Build 2c0a6bbe-c5a6-4f3b-8f2b-20fabfb0b2e8 is closed

FAILURE: Build failed with an exception.

* What went wrong:
Execution failed for task ':data:jvmTest'.
> There were failing tests. See the report at: file:///D:/Codex/worktrees/85be/mihon/data/build/reports/tests/jvmTest/index.html

* Try:
> Run with --scan to get full insights.

BUILD FAILED in 15m 17s
43 actionable tasks: 14 executed, 29 up-to-date
Watched directory hierarchies: [D:\Codex\worktrees\85be\mihon, D:\Shell\Github\mihon]
